time_s,toe_x_mm,toe_y_mm,toe_z_mm,heel_x_mm,heel_y_mm,heel_z_mm
0.0000,,,,,,
0.0167,,,,,,
0.0334,,,,,,
0.0500,,,,,,
0.0667,,,,,,
0.0834,,,,,,
0.1001,,,,,,
0.1168,,,,,,
0.1334,,,,,,
0.1501,,,,,,
0.1668,,,,,,
0.1835,,,,,,
0.2002,,,,,,
0.2168,,,,,,
0.2335,,,,,,
0.2502,,,,,,
0.2669,,,,,,
0.2835,,,,,,
0.3002,,,,,,
0.3169,,,,,,
0.3336,,,,,,
0.3503,,,,,,
0.3669,,,,,,
0.3836,,,,,,
0.4003,,,,,,
0.4170,,,,,,
0.4337,,,,,,
0.4503,,,,,,
0.4670,,,,,,
0.4837,,,,,,
0.5004,,,,,,
0.5171,,,,,,
0.5337,,,,,,
0.5504,,,,,,
0.5671,,,,,,
0.5838,,,,,,
0.6005,,,,,,
0.6171,,,,,,
0.6338,,,,,,
0.6505,,,,,,
0.6672,,,,,,
0.6838,,,,,,
0.7005,,,,,,
0.7172,,,,,,
0.7339,,,,,,
0.7506,,,,,,
0.7672,,,,,,
0.7839,,,,,,
0.8006,,,,,,
0.8173,,,,,,
0.8340,,,,,,
0.8506,,,,,,
0.8673,,,,,,
0.8840,,,,,,
0.9007,,,,,,
0.9174,,,,,,
0.9340,,,,,,
0.9507,,,,,,
0.9674,,,,,,
0.9841,,,,,,
1.0008,,,,,,
1.0174,,,,,,
1.0341,,,,,,
1.0508,,,,,,
1.0675,,,,,,
1.0841,,,,,,
1.1008,,,,,,
1.1175,,,,,,
1.1342,,,,,,
1.1509,,,,,,
1.1675,,,,,,
1.1842,,,,,,
1.2009,,,,,,
1.2176,,,,,,
1.2343,,,,,,
1.2509,,,,,,
1.2676,,,,,,
1.2843,,,,,,
1.3010,,,,,,
1.3177,,,,,,
1.3343,,,,,,
1.3510,,,,,,
1.3677,,,,,,
1.3844,,,,,,
1.4011,,,,,,
1.4177,,,,,,
1.4344,,,,,,
1.4511,,,,,,
1.4678,,,,,,
1.4844,,,,,,
1.5011,,,,,,
1.5178,,,,,,
1.5345,,,,,,
1.5512,,,,,,
1.5678,,,,,,
1.5845,,,,,,
1.6012,,,,,,
1.6179,,,,,,
1.6346,,,,,,
1.6512,,,,,,
1.6679,,,,,,
1.6846,,,,,,
1.7013,,,,,,
1.7180,,,,,,
1.7346,,,,,,
1.7513,,,,,,
1.7680,,,,,,
1.7847,,,,,,
1.8014,,,,,,
1.8180,,,,,,
1.8347,,,,,,
1.8514,,,,,,
1.8681,,,,,,
1.8848,,,,,,
1.9014,,,,,,
1.9181,,,,,,
1.9348,,,,,,
1.9515,,,,,,
1.9681,,,,,,
1.9848,,,,,,
2.0015,,,,,,
2.0182,,,,,,
2.0349,,,,,,
2.0515,,,,,,
2.0682,,,,,,
2.0849,,,,,,
2.1016,,,,,,
2.1183,,,,,,
2.1349,,,,,,
2.1516,,,,,,
2.1683,,,,,,
2.1850,,,,,,
2.2017,,,,,,
2.2183,,,,,,
2.2350,,,,,,
2.2517,,,,,,
2.2684,,,,,,
2.2851,,,,,,
2.3017,,,,,,
2.3184,,,,,,
2.3351,,,,,,
2.3518,,,,,,
2.3684,,,,,,
2.3851,,,,,,
2.4018,,,,,,
2.4185,,,,,,
2.4352,,,,,,
2.4518,,,,,,
2.4685,,,,,,
2.4852,,,,,,
2.5019,,,,,,
2.5186,,,,,,
2.5352,,,,,,
2.5519,,,,,,
2.5686,,,,,,
2.5853,,,,,,
2.6020,,,,,,
2.6186,,,,,,
2.6353,,,,,,
2.6520,,,,,,
2.6687,,,,,,
2.6854,,,,,,
2.7020,,,,,,
2.7187,,,,,,
2.7354,,,,,,
2.7521,,,,,,
2.7687,,,,,,
2.7854,,,,,,
2.8021,,,,,,
2.8188,,,,,,
2.8355,,,,,,
2.8521,,,,,,
2.8688,,,,,,
2.8855,,,,,,
2.9022,,,,,,
2.9189,,,,,,
2.9355,,,,,,
2.9522,,,,,,
2.9689,,,,,,
2.9856,,,,,,
3.0023,,,,,,
3.0189,,,,,,
3.0356,,,,,,
3.0523,,,,,,
3.0690,,,,,,
3.0857,,,,,,
3.1023,,,,,,
3.1190,,,,,,
3.1357,,,,,,
3.1524,,,,,,
3.1690,,,,,,
3.1857,,,,,,
3.2024,,,,,,
3.2191,,,,,,
3.2358,,,,,,
3.2524,,,,,,
3.2691,,,,,,
3.2858,,,,,,
3.3025,,,,,,
3.3192,,,,,,
3.3358,,,,,,
3.3525,,,,,,
3.3692,,,,,,
3.3859,,,,,,
3.4026,,,,,,
3.4192,,,,,,
3.4359,,,,,,
3.4526,,,,,,
3.4693,,,,,,
3.4860,,,,,,
3.5026,,,,,,
3.5193,,,,,,
3.5360,,,,,,
3.5527,,,,,,
3.5693,,,,,,
3.5860,,,,,,
3.6027,,,,,,
3.6194,,,,,,
3.6361,,,,,,
3.6527,,,,,,
3.6694,,,,,,
3.6861,,,,,,
3.7028,,,,,,
3.7195,,,,,,
3.7361,,,,,,
3.7528,,,,,,
3.7695,,,,,,
3.7862,,,,,,
3.8029,,,,,,
3.8195,,,,,,
3.8362,,,,,,
3.8529,,,,,,
3.8696,,,,,,
3.8863,,,,,,
3.9029,,,,,,
3.9196,,,,,,
3.9363,,,,,,
3.9530,,,,,,
3.9697,,,,,,
3.9863,,,,,,
4.0030,,,,,,
4.0197,,,,,,
4.0364,,,,,,
4.0530,,,,,,
4.0697,,,,,,
4.0864,,,,,,
4.1031,,,,,,
4.1198,,,,,,
4.1364,,,,,,
4.1531,,,,,,
4.1698,,,,,,
4.1865,,,,,,
4.2032,,,,,,
4.2198,,,,,,
4.2365,,,,,,
4.2532,,,,,,
4.2699,,,,,,
4.2866,,,,,,
4.3032,,,,,,
4.3199,,,,,,
4.3366,,,,,,
4.3533,,,,,,
4.3700,,,,,,
4.3866,,,,,,
4.4033,,,,,,
4.4200,,,,,,
4.4367,,,,,,
4.4533,,,,,,
4.4700,,,,,,
4.4867,,,,,,
4.5034,,,,,,
4.5201,,,,,,
4.5367,,,,,,
4.5534,,,,,,
4.5701,,,,,,
4.5868,,,,,,
4.6035,,,,,,
4.6201,,,,,,
4.6368,,,,,,
4.6535,,,,,,
4.6702,,,,,,
4.6869,,,,,,
4.7035,,,,,,
4.7202,,,,,,
4.7369,,,,,,
4.7536,,,,,,
4.7703,,,,,,
4.7869,,,,,,
4.8036,,,,,,
4.8203,,,,,,
4.8370,,,,,,
4.8536,,,,,,
4.8703,,,,,,
4.8870,,,,,,
4.9037,,,,,,
4.9204,,,,,,
4.9370,,,,,,
4.9537,,,,,,
4.9704,,,,,,
4.9871,,,,,,
5.0038,,,,,,
5.0204,,,,,,
5.0371,,,,,,
5.0538,,,,,,
5.0705,,,,,,
5.0872,,,,,,
5.1038,,,,,,
5.1205,,,,,,
5.1372,,,,,,
5.1539,,,,,,
5.1706,,,,,,
5.1872,,,,,,
5.2039,,,,,,
5.2206,,,,,,
5.2373,,,,,,
5.2539,,,,,,
5.2706,,,,,,
5.2873,,,,,,
5.3040,,,,,,
5.3207,,,,,,
5.3373,,,,,,
5.3540,,,,,,
5.3707,,,,,,
5.3874,,,,,,
5.4041,,,,,,
5.4207,,,,,,
5.4374,,,,,,
5.4541,,,,,,
5.4708,,,,,,
5.4875,,,,,,
5.5041,,,,,,
5.5208,,,,,,
5.5375,,,,,,
5.5542,,,,,,
5.5709,,,,,,
5.5875,,,,,,
5.6042,,,,,,
5.6209,,,,,,
5.6376,,,,,,
5.6543,,,,,,
5.6709,,,,,,
5.6876,,,,,,
5.7043,,,,,,
5.7210,,,,,,
5.7376,,,,,,
5.7543,,,,,,
5.7710,,,,,,
5.7877,,,,,,
5.8044,,,,,,
5.8210,,,,,,
5.8377,,,,,,
5.8544,,,,,,
5.8711,,,,,,
5.8878,,,,,,
5.9044,,,,,,
5.9211,,,,,,
5.9378,,,,,,
5.9545,,,,,,
5.9712,,,,,,
5.9878,,,,,,
6.0045,,,,,,
6.0212,,,,,,
6.0379,,,,,,
6.0546,,,,,,
6.0712,,,,,,
6.0879,,,,,,
6.1046,,,,,,
6.1213,,,,,,
6.1379,,,,,,
6.1546,,,,,,
6.1713,,,,,,
6.1880,,,,,,
6.2047,,,,,,
6.2213,,,,,,
6.2380,,,,,,
6.2547,,,,,,
6.2714,,,,,,
6.2881,,,,,,
6.3047,,,,,,
6.3214,,,,,,
6.3381,,,,,,
6.3548,,,,,,
6.3715,,,,,,
6.3881,,,,,,
6.4048,,,,,,
6.4215,,,,,,
6.4382,,,,,,
6.4549,,,,,,
6.4715,,,,,,
6.4882,,,,,,
6.5049,,,,,,
6.5216,,,,,,
6.5382,,,,,,
6.5549,,,,,,
6.5716,,,,,,
6.5883,,,,,,
6.6050,,,,,,
6.6216,,,,,,
6.6383,,,,,,
6.6550,,,,,,
6.6717,,,,,,
6.6884,,,,,,
6.7050,,,,,,
6.7217,,,,,,
6.7384,,,,,,
6.7551,,,,,,
6.7718,,,,,,
6.7884,,,,,,
6.8051,,,,,,
6.8218,,,,,,
6.8385,,,,,,
6.8552,,,,,,
6.8718,,,,,,
6.8885,,,,,,
6.9052,,,,,,
6.9219,,,,,,
6.9385,,,,,,
6.9552,,,,,,
6.9719,,,,,,
6.9886,,,,,,
7.0053,,,,,,
7.0219,,,,,,
7.0386,,,,,,
7.0553,,,,,,
7.0720,,,,,,
7.0887,,,,,,
7.1053,,,,,,
7.1220,,,,,,
7.1387,,,,,,
7.1554,,,,,,
7.1721,,,,,,
7.1887,,,,,,
7.2054,,,,,,
7.2221,,,,,,
7.2388,,,,,,
7.2555,,,,,,
7.2721,,,,,,
7.2888,,,,,,
7.3055,,,,,,
7.3222,,,,,,
7.3388,,,,,,
7.3555,,,,,,
7.3722,,,,,,
7.3889,,,,,,
7.4056,,,,,,
7.4222,,,,,,
7.4389,,,,,,
7.4556,,,,,,
7.4723,,,,,,
7.4890,,,,,,
7.5056,,,,,,
7.5223,,,,,,
7.5390,,,,,,
7.5557,,,,,,
7.5724,,,,,,
7.5890,,,,,,
7.6057,,,,,,
7.6224,,,,,,
7.6391,,,,,,
7.6558,,,,,,
7.6724,,,,,,
7.6891,,,,,,
7.7058,,,,,,
7.7225,,,,,,
7.7392,,,,,,
7.7558,,,,,,
7.7725,,,,,,
7.7892,,,,,,
7.8059,,,,,,
7.8225,,,,,,
7.8392,,,,,,
7.8559,,,,,,
7.8726,,,,,,
7.8893,,,,,,
7.9059,,,,,,
7.9226,,,,,,
7.9393,,,,,,
7.9560,,,,,,
7.9727,,,,,,
7.9893,,,,,,
8.0060,,,,,,
8.0227,,,,,,
8.0394,,,,,,
8.0561,,,,,,
8.0727,,,,,,
8.0894,,,,,,
8.1061,,,,,,
8.1228,,,,,,
8.1395,,,,,,
8.1561,,,,,,
8.1728,,,,,,
8.1895,,,,,,
8.2062,,,,,,
8.2228,,,,,,
8.2395,,,,,,
8.2562,,,,,,
8.2729,,,,,,
8.2896,,,,,,
8.3062,,,,,,
8.3229,,,,,,
8.3396,,,,,,
8.3563,,,,,,
8.3730,,,,,,
8.3896,,,,,,
8.4063,,,,,,
8.4230,,,,,,
8.4397,,,,,,
8.4564,,,,,,
8.4730,,,,,,
8.4897,,,,,,
8.5064,,,,,,
8.5231,,,,,,
8.5398,,,,,,
8.5564,,,,,,
8.5731,,,,,,
8.5898,,,,,,
8.6065,,,,,,
8.6231,,,,,,
8.6398,,,,,,
8.6565,,,,,,
8.6732,,,,,,
8.6899,,,,,,
8.7065,,,,,,
8.7232,,,,,,
8.7399,,,,,,
8.7566,,,,,,
8.7733,,,,,,
8.7899,,,,,,
8.8066,,,,,,
8.8233,,,,,,
8.8400,,,,,,
8.8567,,,,,,
8.8733,,,,,,
8.8900,,,,,,
8.9067,,,,,,
8.9234,,,,,,
8.9401,,,,,,
8.9567,,,,,,
8.9734,,,,,,
8.9901,,,,,,
9.0068,,,,,,
9.0234,,,,,,
9.0401,,,,,,
9.0568,,,,,,
9.0735,,,,,,
9.0902,,,,,,
9.1068,,,,,,
9.1235,,,,,,
9.1402,,,,,,
9.1569,,,,,,
9.1736,,,,-1861.64,-71.65,786.68
9.1902,,,,,,
9.2069,,,,,,
9.2236,,,,,,
9.2403,,,,,,
9.2570,,,,,,
9.2736,,,,,,
9.2903,,,,,,
9.3070,,,,,,
9.3237,,,,,,
9.3404,-1034.68,-489.39,1812.93,,,
9.3570,-1022.91,-507.84,1803.59,,,
9.3737,-1011.94,-524.31,1793.70,,,
9.3904,-1002.15,-537.28,1783.38,,,
9.4071,-993.36,-546.01,1773.74,,,
9.4238,-984.79,-550.75,1766.83,,,
9.4404,-975.21,-552.74,1765.14,,,
9.4571,-963.31,-553.80,1770.74,,,
9.4738,-948.26,-555.81,1784.29,,,
9.4905,-930.08,-560.15,1804.34,-994.52,-196.80,1934.48
9.5071,-909.92,-567.24,1827.35,-981.61,-161.78,1962.17
9.5238,-889.87,-576.44,1848.69,-973.34,-133.44,1981.37
9.5405,-872.51,-586.22,1864.19,-972.99,-116.41,1986.07
9.5572,-860.17,-594.71,1871.78,-981.47,-111.97,1974.53
9.5739,-854.12,-600.41,1872.22,-997.23,-118.12,1949.50
9.5905,-853.97,-602.85,1868.80,-1016.82,-131.06,1916.93
9.6072,-857.53,-602.73,1866.10,-1036.01,-146.91,1883.94
9.6239,-861.40,-601.69,1868.61,-1050.88,-163.10,1856.94
9.6406,-862.16,-601.65,1879.43,-1058.52,-178.59,1840.56
9.6573,-857.68,-604.23,1899.52,-1057.33,-193.16,1837.39
9.6739,-847.89,-610.12,1927.40,-1046.92,-206.38,1848.37
9.6906,-834.74,-618.79,1959.52,-1027.88,-217.13,1873.21
9.7073,-821.14,-628.25,1990.95,-1001.49,-223.89,1910.65
9.7240,-809.69,-635.34,2016.41,-969.66,-225.59,1958.31
9.7407,-801.65,-636.54,2031.21,-934.80,-222.50,2012.63
9.7573,-796.70,-629.33,2032.02,-899.70,-216.43,2069.08
9.7740,-793.21,-613.37,2017.50,-867.17,-210.16,2122.81
9.7907,-789.09,-591.02,1988.63,-839.58,-206.48,2169.58
9.8074,-782.56,-566.64,1948.74,-818.52,-207.18,2206.66
9.8241,-772.78,-545.17,1903.03,-804.44,-212.54,2233.26
9.8407,-760.04,-530.42,1857.66,-796.76,-221.47,2250.37
9.8574,-745.42,-523.96,1818.77,-794.06,-232.05,2260.09
9.8741,-730.07,-524.90,1791.48,-794.51,-242.32,2264.79
9.8908,-714.47,-530.43,1779.31,-796.26,-250.79,2266.33
9.9074,-698.18,-536.84,1783.82,-797.79,-256.71,2265.77
9.9241,-680.10,-540.57,1804.60,-798.11,-260.08,2263.36
9.9408,-659.21,-539.11,1839.33,-796.80,-261.35,2258.96
9.9575,-635.38,-531.48,1883.95,-793.97,-261.12,2252.43
9.9742,-609.70,-518.28,1933.03,-790.07,-259.92,2244.00
9.9908,-584.37,-501.41,1980.45,-785.65,-258.05,2234.22
10.0075,-561.95,-483.45,2020.60,-781.20,-255.67,2223.73
10.0242,-544.54,-466.96,2049.65,-776.88,-252.94,2212.77
10.0409,-533.19,-453.94,2066.62,-772.45,-250.26,2200.69
10.0576,-527.73,-445.48,2073.48,-767.26,-248.34,2185.68
10.0742,-527.07,-441.81,2074.47,-760.37,-248.21,2165.03
10.0909,-529.68,-442.41,2074.53,-750.77,-250.96,2135.75
10.1076,-534.06,-446.41,2077.67,-737.79,-257.43,2095.67
10.1243,-538.94,-452.77,2085.68,-721.38,-267.84,2044.49
10.1410,-543.35,-460.39,2097.58,-702.25,-281.59,1984.40
10.1576,-546.55,-468.13,2110.09,-681.85,-297.33,1919.97
10.1743,-547.98,-474.92,2118.81,-662.08,-313.23,1857.23
10.1910,-547.36,-480.00,2119.91,-644.81,-327.45,1802.26
10.2077,-544.72,-483.03,2111.49,-631.47,-338.58,1759.68
10.2244,-540.48,-484.22,2094.29,-622.67,-345.94,1731.55
10.2410,-535.42,-484.16,2071.55,-618.17,-349.69,1717.12
10.2577,-530.54,-483.63,2048.19,-617.00,-350.61,1713.40
10.2744,-526.96,-483.40,2029.71,-617.89,-349.80,1716.29
10.2911,-525.67,-484.06,2021.01,-619.56,-348.34,1721.78
10.3077,-527.32,-485.93,2025.18,-621.09,-347.05,1726.91
10.3244,-531.89,-488.92,2042.45,-621.96,-346.36,1730.11
10.3411,-538.54,-492.48,2069.78,-622.08,-346.36,1731.09
10.3578,-545.69,-495.69,2101.28,-621.62,-346.89,1730.39
10.3745,-551.42,-497.48,2129.68,-620.87,-347.66,1728.90
10.3911,-554.04,-496.97,2148.38,-620.12,-348.41,1727.42
10.4078,-552.79,-493.86,2153.30,-619.58,-348.94,1726.45
10.4245,-548.19,-488.64,2144.13,-619.33,-349.19,1726.10
10.4412,-542.01,-482.55,2124.27,-619.37,-349.30,1726.25
10.4579,-536.73,-477.21,2099.76,-619.57,-349.55,1726.60
10.4745,-534.59,-474.04,2077.38,-619.74,-350.43,1726.92
10.4912,-536.55,-473.81,2062.79,-619.63,-352.50,1727.08
10.5079,-541.47,-476.43,2059.06,-618.93,-356.36,1727.08
10.5246,-545.92,-481.05,2066.30,-617.31,-362.44,1727.12
10.5413,-544.90,-486.47,2082.25,-614.48,-370.91,1727.50
10.5579,-533.20,-491.49,2103.43,-610.17,-381.54,1728.58
10.5746,-507.18,-495.12,2126.20,-604.21,-393.77,1730.73
10.5913,-466.31,-496.72,2147.49,-596.49,-406.80,1734.31
10.6080,-413.92,-496.14,2164.93,-587.02,-419.79,1739.53
10.6247,-356.66,-493.73,2176.75,-575.89,-432.01,1746.51
10.6413,-302.95,-490.40,2181.67,-563.19,-442.92,1755.22
10.6580,-260.59,-487.39,2179.11,-549.03,-452.20,1765.58
10.6747,-234.45,-485.92,2169.59,-533.37,-459.61,1777.52
10.6914,-224.98,-486.53,2155.23,-516.07,-464.94,1791.10
10.7080,-228.15,-488.57,2139.82,-496.85,-467.98,1806.52
10.7247,-236.86,-489.89,2128.34,-475.40,-468.63,1824.17
10.7414,-243.18,-487.29,2125.83,-451.53,-467.17,1844.40
10.7581,-240.63,-477.70,2136.08,-425.31,-464.43,1867.39
10.7748,-225.66,-459.82,2160.47,-397.27,-461.98,1892.84
10.7914,-198.25,-435.36,2197.23,-368.35,-461.97,1919.75
10.8081,-161.62,-409.31,2241.45,-339.83,-466.65,1946.41
10.8248,-121.47,-388.64,2285.86,-313.03,-477.51,1970.52
10.8415,-84.82,-379.96,2322.30,-289.04,-494.51,1989.68
10.8582,-58.65,-386.87,2343.54,-268.42,-515.50,2001.91
10.8748,-48.46,-408.48,2345.04,-251.22,-536.43,2006.37
10.8915,-56.96,-439.62,2326.11,-237.16,-552.43,2003.76
10.9082,-83.19,-472.66,2290.17,-225.95,-559.34,1996.57
10.9249,-122.33,-500.16,2244.15,-217.66,-555.33,1988.98
10.9416,-166.43,-516.99,2197.13,-212.72,-541.55,1986.36
10.9582,-206.11,-521.26,2158.52,-211.78,-521.75,1994.23
10.9749,-232.66,-513.93,2136.15,-215.30,-500.82,2017.00
10.9916,-240.09,-497.65,2134.79,-223.15,-483.09,2056.63
11.0083,-226.33,-475.51,2155.34,-234.21,-471.04,2111.71
11.0250,-193.26,-450.18,2195.15,-246.30,-464.84,2177.29
11.0416,-145.72,-423.56,2249.02,-256.33,-462.77,2245.63
11.0583,-89.96,-396.83,2310.67,-260.86,-462.12,2307.73
11.0750,-32.23,-370.80,2373.92,-257.01,-460.27,2355.27
11.0917,22.16,-346.21,2433.49,-243.41,-455.48,2382.66
11.1083,69.35,-323.98,2485.45,-220.88,-447.40,2388.33
11.1250,107.02,-305.07,2527.25,-192.56,-437.05,2375.07
11.1417,134.31,-290.34,2557.85,-163.16,-426.35,2349.06
11.1584,151.75,-280.18,2577.63,-137.67,-417.52,2318.00
11.1751,160.91,-274.38,2588.23,-119.94,-412.32,2289.02
11.1917,164.06,-272.12,2592.10,-111.75,-411.52,2266.97
11.2084,163.61,-272.22,2591.95,-112.61,-414.78,2253.63
11.2251,161.64,-273.44,2590.12,-120.41,-420.90,2247.83
11.2418,159.60,-274.77,2588.25,-132.34,-428.43,2246.38
11.2585,158.23,-275.57,2587.16,-145.68,-436.39,2245.50
11.2751,157.68,-275.66,2586.97,-158.12,-444.78,2242.11
11.2918,157.74,-275.16,2587.39,-167.70,-454.56,2234.80
11.3085,158.09,-274.36,2588.03,-172.92,-467.21,2224.06
11.3252,158.43,-273.58,2588.56,-172.91,-483.83,2211.76
11.3419,158.63,-273.06,2588.81,-167.95,-504.38,2200.21
11.3585,158.67,-272.88,2588.78,-159.62,-527.40,2191.18
11.3752,158.61,-273.00,2588.55,-150.57,-550.26,2185.24
11.3919,158.55,-273.35,2588.20,-143.50,-570.04,2181.83
11.4086,158.53,-273.79,2587.83,-139.98,-584.51,2179.95
11.4253,158.57,-274.26,2587.46,-139.31,-593.01,2179.10
11.4419,158.62,-274.71,2587.09,-138.35,-596.68,2180.03
11.4586,158.63,-275.10,2586.68,-132.28,-598.17,2184.81
11.4753,158.53,-275.41,2586.18,-116.15,-600.74,2196.06
11.4920,158.30,-275.64,2585.58,-86.55,-607.26,2215.99
11.5087,157.94,-275.76,2584.87,-42.66,-619.26,2245.40
11.5253,157.50,-275.77,2584.11,13.70,-636.40,2283.39
11.5420,157.04,-275.69,2583.37,78.86,-656.44,2327.64
11.5587,156.64,-275.53,2582.75,148.45,-675.62,2375.08
11.5754,156.35,-275.30,2582.32,218.40,-689.63,2422.50
11.5920,156.23,-275.05,2582.13,285.39,-694.68,2466.99
11.6087,156.25,-274.76,2582.17,346.87,-688.78,2506.11
11.6254,156.39,-274.45,2582.39,400.60,-672.54,2537.71
11.6421,156.56,-274.11,2582.70,444.30,-649.42,2559.93
11.6588,156.70,-273.73,2583.00,475.42,-625.01,2571.24
11.6754,156.72,-273.31,2583.18,491.48,-605.63,2570.78
11.6921,156.59,-272.83,2583.19,490.74,-596.48,2558.83
11.7088,156.31,-272.31,2582.99,473.06,-600.01,2537.16
11.7255,155.90,-271.75,2582.60,440.26,-615.07,2508.80
11.7422,155.40,-271.18,2582.10,395.95,-637.15,2477.32
11.7588,154.88,-270.64,2581.55,344.62,-659.80,2445.77
11.7755,154.37,-270.14,2581.06,290.68,-676.61,2415.90
11.7922,153.88,-269.70,2580.66,237.60,-683.30,2387.95
11.8089,153.42,-269.32,2580.40,187.65,-678.93,2361.03
11.8256,152.98,-268.99,2580.24,142.04,-665.87,2334.03
11.8422,152.56,-268.69,2580.17,101.37,-648.68,2306.40
11.8589,152.19,-268.43,2580.15,66.08,-632.17,2278.75
11.8756,151.90,-268.20,2580.18,36.61,-619.69,2252.96
11.8923,151.72,-268.00,2580.24,13.21,-611.93,2231.70
11.9090,151.65,-267.81,2580.32,-4.36,-606.94,2217.49
11.9256,151.69,-267.61,2580.37,-17.22,-601.05,2211.55
11.9423,151.79,-267.38,2580.35,-27.46,-590.58,2212.91
11.9590,151.90,-267.11,2580.23,-37.84,-573.54,2218.19
11.9757,151.99,-266.84,2580.05,-50.91,-550.62,2222.61
11.9923,152.04,-266.61,2579.87,-68.11,-525.16,2221.64
12.0090,152.06,-266.48,2579.79,-88.96,-502.03,2212.87
12.0257,152.05,-266.45,2579.92,-111.01,-486.10,2196.93
12.0424,152.01,-266.51,2580.25,-130.56,-480.70,2177.12
12.0591,151.96,-266.56,2580.73,-143.85,-486.61,2157.84
12.0757,151.90,-266.51,2581.23,-148.32,-501.77,2142.88
12.0924,151.82,-266.29,2581.61,-143.31,-521.82,2134.13
12.1091,151.74,-265.88,2581.75,-130.10,-541.30,2131.31
12.1258,151.67,-265.32,2581.62,-111.35,-555.23,2132.57
12.1425,151.59,-264.70,2581.25,-90.38,-560.65,2135.38
12.1591,151.50,-264.15,2580.74,-70.58,-557.31,2137.48
12.1758,151.40,-263.73,2580.23,-54.95,-547.65,2137.37
12.1925,151.28,-263.48,2579.86,-45.90,-535.68,2134.44
12.2092,151.17,-263.41,2579.74,-44.94,-525.59,2128.78
12.2259,151.08,-263.45,2579.92,-52.55,-520.30,2120.86
12.2425,151.04,-263.55,2580.35,-68.09,-520.72,2111.13
12.2592,151.08,-263.66,2580.95,-89.84,-525.68,2099.91
12.2759,151.17,-263.74,2581.54,-115.30,-532.72,2087.35
12.2926,151.29,-263.79,2581.96,-141.41,-539.05,2073.78
12.3093,151.39,-263.83,2582.07,-164.88,-542.56,2060.07
12.3259,151.46,-263.86,2581.80,-182.57,-542.40,2047.91
12.3426,151.47,-263.92,2581.21,-191.93,-539.07,2039.80
12.3593,151.45,-264.01,2580.47,-191.58,-533.94,2038.43
12.3760,151.44,-264.16,2579.79,-181.69,-528.63,2045.82
12.3926,151.47,-264.36,2579.40,-164.17,-524.32,2062.24
12.4093,151.57,-264.59,2579.39,-142.12,-521.46,2085.83
12.4260,151.74,-264.81,2579.74,-119.11,-519.79,2112.93
12.4427,151.93,-264.95,2580.28,-98.24,-518.64,2139.14
12.4594,152.12,-264.95,2580.81,-81.53,-517.33,2160.68
12.4760,152.25,-264.80,2581.14,-69.83,-515.50,2175.35
12.4927,152.29,-264.52,2581.18,-63.00,-513.27,2182.79
12.5094,152.23,-264.24,2581.00,-60.21,-511.14,2184.22
12.5261,152.11,-264.14,2580.81,-60.24,-509.81,2181.66
12.5428,151.97,-264.40,2580.84,-61.83,-509.92,2177.27
12.5594,151.86,-265.12,2581.28,-63.93,-511.59,2172.79
12.5761,151.82,-266.18,2582.15,-65.91,-514.28,2169.28
12.5928,151.82,-267.23,2583.14,-67.45,-516.96,2167.22
12.6095,151.82,-267.70,2583.72,-68.26,-518.82,2166.71
12.6262,151.71,-266.96,2583.20,-67.66,-520.05,2167.79
12.6428,151.41,-264.62,2581.09,-64.57,-522.37,2170.47
12.6595,150.92,-260.84,2577.49,-57.98,-528.54,2174.55
12.6762,150.35,-256.67,2573.44,-47.79,-541.16,2179.22
12.6929,150.01,-254.10,2571.06,-35.53,-561.16,2182.95
12.7096,150.33,-255.93,2573.39,-24.33,-586.84,2183.64
12.7262,151.77,-265.20,2583.75,-18.12,-613.93,2179.44
12.7429,154.73,-284.44,2604.98,-20.15,-636.69,2169.48
12.7596,159.41,-314.91,2638.51,-31.82,-649.58,2154.49
12.7763,165.70,-356.09,2683.87,-52.05,-649.03,2136.65
12.7929,173.22,-405.57,2738.54,-77.65,-634.58,2118.95
12.8096,181.34,-459.49,2798.38,-104.30,-609.21,2104.16
12.8263,189.32,-513.15,2858.29,-127.89,-578.40,2094.04
12.8430,196.48,-561.90,2913.09,-145.63,-548.45,2088.84
12.8597,202.25,-601.90,2958.46,-156.74,-524.46,2087.47
12.8763,206.36,-630.89,2991.73,-162.43,-509.02,2087.92
12.8930,208.81,-648.58,3012.45,-165.28,-501.88,2088.00
12.9097,209.93,-656.68,3022.63,-168.24,-500.85,2085.82
12.9264,210.20,-658.37,3026.25,-173.74,-503.21,2080.19
12.9431,210.20,-657.40,3028.32,-183.08,-506.90,2070.70
12.9597,210.43,-657.06,3033.55,-196.24,-511.17,2057.68
12.9764,211.20,-659.24,3044.90,-212.07,-516.28,2042.09
12.9931,212.52,-664.11,3062.68,-228.61,-522.94,2025.42
13.0098,214.17,-670.23,3084.35,-243.43,-531.71,2009.59
13.0265,215.72,-675.37,3105.31,-253.93,-542.68,1996.82
13.0431,216.74,-677.49,3120.34,-257.63,-555.56,1989.35
13.0598,216.88,-675.59,3125.26,-252.62,-569.81,1989.00
13.0765,216.01,-670.10,3118.18,-238.08,-584.87,1996.66
13.0932,214.28,-662.64,3099.98,-214.92,-600.26,2011.71
13.1099,212.02,-655.35,3074.14,-185.98,-615.47,2031.81
13.1265,209.69,-650.09,3046.06,-155.87,-629.91,2053.12
13.1432,207.78,-647.80,3021.98,-130.20,-642.80,2070.93
13.1599,206.68,-648.30,3007.76,-114.26,-653.19,2080.90
13.1766,206.64,-650.48,3007.54,-111.38,-660.18,2080.43
13.1933,207.68,-652.87,3022.53,-121.53,-663.14,2069.84
13.2099,209.59,-654.18,3050.41,-140.67,-662.04,2052.86
13.2266,211.97,-653.79,3085.49,-161.55,-657.50,2035.88
13.2433,214.28,-651.84,3119.80,-175.86,-650.63,2026.09
13.2600,216.03,-649.09,3144.97,-177.11,-642.73,2028.87
13.2766,216.82,-646.57,3154.48,-163.20,-634.86,2045.63
13.2933,216.51,-645.02,3145.66,-137.37,-627.65,2072.89
13.3100,215.25,-644.51,3120.66,-107.15,-621.17,2103.23
13.3267,213.37,-644.28,3085.82,-81.65,-615.13,2127.89
13.3434,211.34,-642.84,3049.48,-68.21,-609.15,2139.83
13.3600,209.49,-638.43,3018.98,-69.95,-602.99,2136.35
13.3767,207.92,-629.48,2997.96,-85.11,-596.72,2119.95
13.3934,206.44,-615.01,2985.16,-108.30,-590.84,2097.40
13.4101,204.64,-594.78,2975.24,-132.86,-586.12,2077.34
13.4268,202.02,-569.16,2960.95,-153.26,-583.49,2067.51
13.4434,198.19,-538.96,2935.86,-166.37,-583.77,2072.38
13.4601,192.98,-505.17,2896.37,-171.58,-587.41,2091.98
13.4768,186.50,-468.76,2842.33,-169.99,-594.17,2122.07
13.4935,179.03,-430.64,2776.60,-163.36,-602.87,2155.53
13.5102,170.99,-391.75,2703.85,-153.44,-611.32,2184.65
13.5268,162.84,-353.18,2629.32,-141.80,-616.51,2203.73
13.5435,155.02,-316.34,2557.89,-130.03,-615.06,2210.99
13.5602,147.93,-282.86,2493.59,-120.11,-604.04,2209.14
13.5769,141.88,-254.39,2439.23,-114.29,-581.82,2204.25
13.5936,137.06,-232.16,2396.25,-114.72,-548.85,2203.08
13.6102,133.52,-216.63,2364.58,-122.73,-507.98,2210.23
13.6269,131.14,-207.30,2342.80,-138.25,-464.13,2226.19
13.6436,129.70,-202.86,2328.51,-159.68,-423.30,2247.27
13.6603,128.89,-201.53,2318.94,-184.25,-391.01,2267.34
13.6769,128.41,-201.57,2311.59,-208.69,-370.70,2280.51
13.6936,128.03,-201.64,2304.72,-230.06,-362.67,2283.48
13.7103,127.59,-200.97,2297.51,-246.43,-364.11,2276.48
13.7270,127.05,-199.29,2289.95,-257.25,-370.22,2262.68
13.7437,126.40,-196.73,2282.55,-263.35,-376.06,2246.46
13.7603,125.67,-193.61,2275.95,-266.58,-378.16,2231.52
13.7770,124.91,-190.26,2270.61,-269.07,-375.48,2219.80
13.7937,124.14,-186.93,2266.67,-272.49,-369.07,2211.53
13.8104,123.40,-183.81,2263.96,-277.34,-361.03,2206.03
13.8271,122.71,-180.98,2262.11,-282.81,-353.11,2202.83
13.8437,122.08,-178.50,2260.72,-287.09,-345.86,2202.26
13.8604,121.54,-176.38,2259.48,-288.10,-338.67,2205.32
13.8771,121.10,-174.59,2258.22,-284.29,-330.63,2212.95
13.8938,120.74,-173.09,2256.88,-275.30,-321.64,2225.19
13.9105,120.47,-171.83,2255.55,-262.14,-312.94,2240.70
13.9271,120.28,-170.75,2254.31,-246.89,-306.79,2256.92
13.9438,120.16,-169.79,2253.26,-232.17,-305.44,2270.88
13.9605,120.07,-168.91,2252.43,-220.32,-309.90,2280.19
13.9772,119.98,-168.07,2251.81,-212.63,-319.22,2284.05
13.9939,119.81,-167.23,2251.28,-208.72,-330.64,2283.76
14.0105,119.46,-166.39,2250.72,-206.36,-340.57,2282.67
14.0272,118.84,-165.53,2249.96,-202.04,-345.92,2285.18
14.0439,117.85,-164.68,2248.86,-192.20,-345.18,2295.19
14.0606,116.41,-163.89,2247.33,-174.82,-338.85,2314.47
14.0772,114.47,-163.22,2245.35,-150.59,-328.96,2341.62
14.0939,112.03,-162.70,2242.94,-123.02,-318.13,2372.30
14.1106,109.12,-162.37,2240.17,-97.23,-308.74,2400.68
14.1273,105.76,-162.21,2237.12,-77.95,-302.36,2421.62
14.1440,102.02,-162.13,2233.88,-67.62,-299.66,2432.50
14.1606,97.94,-162.00,2230.52,-65.61,-300.60,2433.97
14.1773,93.57,-161.65,2227.10,-68.87,-304.64,2429.23
14.1940,88.97,-160.91,2223.67,-73.50,-310.90,2422.43
14.2107,84.20,-159.68,2220.28,-76.37,-318.27,2417.04
14.2274,79.36,-157.94,2216.94,-76.11,-325.53,2414.86
14.2440,74.49,-155.83,2213.63,-73.16,-331.45,2415.86
14.2607,69.63,-153.61,2210.30,-69.38,-334.86,2418.57
14.2774,64.80,-151.60,2206.88,-67.37,-334.70,2420.75
14.2941,60.06,-150.10,2203.33,-69.71,-329.97,2420.12
14.3108,55.53,-149.27,2199.75,-78.12,-319.78,2415.14
14.3274,51.48,-148.95,2196.43,-92.92,-303.64,2405.59
14.3441,48.34,-148.68,2193.87,-112.74,-281.81,2392.69
14.3608,46.64,-147.72,2192.71,-134.92,-255.70,2378.63
14.3775,46.86,-145.30,2193.54,-156.37,-227.84,2365.70
14.3942,49.19,-140.92,2196.66,-174.44,-201.39,2355.60
14.4108,53.26,-134.88,2201.65,-187.60,-179.19,2349.02
14.4275,57.94,-128.52,2207.20,-195.61,-162.95,2345.72
14.4442,61.24,-124.39,2210.97,-199.32,-152.88,2344.84
14.4609,60.63,-125.86,2209.99,-200.12,-147.86,2345.35
14.4775,53.54,-136.33,2201.27,-199.45,-146.02,2346.38
14.4942,38.21,-158.10,2182.79,-198.38,-145.44,2347.44
14.5109,14.38,-191.38,2154.36,-197.54,-144.67,2348.34
14.5276,-16.28,-233.69,2118.06,-197.09,-142.92,2349.13
14.5443,-50.30,-280.11,2078.07,-196.92,-140.12,2349.96
14.5609,-83.07,-324.26,2039.88,-196.83,-136.64,2350.89
14.5776,-109.85,-359.71,2009.07,-196.70,-133.09,2351.91
14.5943,-126.73,-381.34,1990.20,-196.46,-130.00,2352.94
14.6110,-131.37,-386.38,1985.86,-196.16,-127.71,2353.88
14.6277,-123.39,-374.69,1996.38,-195.87,-126.33,2354.69
14.6443,-104.22,-348.56,2019.93,-195.68,-125.70,2355.37
14.6610,-76.74,-312.06,2053.03,-195.61,-125.56,2356.01
14.6777,-44.66,-270.19,2091.27,-195.65,-125.61,2356.72
14.6944,-11.84,-228.04,2130.12,-195.79,-125.58,2357.59
14.7111,18.26,-190.04,2165.60,-195.96,-125.35,2358.69
14.7277,43.09,-159.43,2194.80,-196.14,-124.90,2360.00
14.7444,61.29,-137.90,2216.25,-196.28,-124.32,2361.47
14.7611,72.72,-125.48,2229.97,-196.38,-123.78,2363.05
14.7778,78.36,-120.80,2237.24,-196.43,-123.45,2364.72
14.7945,79.85,-121.53,2240.15,-196.45,-123.47,2366.50
14.8111,79.00,-125.13,2240.92,-196.45,-123.92,2368.49
14.8278,77.41,-129.37,2241.41,-196.43,-124.80,2370.80
14.8445,76.12,-132.78,2242.77,-196.42,-126.07,2373.56
14.8612,75.64,-134.72,2245.38,-196.40,-127.64,2376.84
14.8778,75.97,-135.24,2248.98,-196.36,-129.42,2380.59
14.8945,76.87,-134.81,2252.98,-196.29,-131.31,2384.67
14.9112,77.99,-134.03,2256.73,-196.19,-133.24,2388.89
14.9279,79.04,-133.40,2259.78,-196.04,-135.16,2392.98
14.9446,79.87,-133.25,2262.01,-195.87,-137.02,2396.75
14.9612,80.42,-133.67,2263.67,-195.68,-138.80,2400.08
14.9779,80.73,-134.59,2265.24,-195.50,-140.52,2402.98
14.9946,80.91,-135.84,2267.34,-195.33,-142.21,2405.61
15.0113,81.05,-137.24,2270.47,-195.19,-143.91,2408.21
15.0280,81.22,-138.61,2274.95,-195.09,-145.71,2411.08
15.0446,81.46,-139.82,2280.77,-195.04,-147.65,2414.55
15.0613,81.76,-140.77,2287.68,-195.05,-149.79,2418.91
15.0780,82.10,-141.42,2295.28,-195.13,-152.14,2424.37
15.0947,82.42,-141.77,2303.08,-195.28,-154.71,2431.01
15.1114,82.69,-141.83,2310.72,-195.51,-157.43,2438.80
15.1280,82.86,-141.68,2317.96,-195.80,-160.25,2447.55
15.1447,82.95,-141.38,2324.78,-196.16,-163.06,2457.01
15.1614,82.98,-141.02,2331.28,-196.57,-165.75,2466.88
15.1781,82.98,-140.63,2337.67,-197.02,-168.24,2476.88
15.1948,83.02,-140.25,2344.17,-197.51,-170.44,2486.79
15.2114,83.13,-139.85,2350.93,-198.05,-172.31,2496.48
15.2281,83.31,-139.41,2358.00,-198.63,-173.82,2505.89
15.2448,83.56,-138.88,2365.37,-199.26,-174.97,2515.02
15.2615,83.85,-138.22,2372.93,-199.94,-175.77,2523.93
15.2782,84.15,-137.41,2380.53,-200.68,-176.22,2532.65
15.2948,84.43,-136.45,2388.00,-201.47,-176.35,2541.23
15.3115,84.67,-135.32,2395.20,-202.30,-176.19,2549.66
15.3282,84.84,-134.04,2402.03,-203.15,-175.78,2557.94
15.3449,84.96,-132.63,2408.49,-204.01,-175.14,2566.03
15.3615,85.02,-131.13,2414.63,-204.85,-174.30,2573.88
15.3782,85.05,-129.59,2420.52,-205.66,-173.30,2581.44
15.3949,85.07,-128.09,2426.22,-206.46,-172.16,2588.62
15.4116,85.05,-126.74,2431.73,-207.25,-170.90,2595.32
15.4283,84.92,-125.68,2436.95,-208.06,-169.52,2601.46
15.4449,84.60,-125.02,2441.73,-208.93,-168.01,2606.94
15.4616,83.94,-124.89,2445.84,-209.88,-166.34,2611.71
15.4783,82.82,-125.35,2449.04,-210.91,-164.45,2615.76
15.4950,81.12,-126.43,2451.19,-212.00,-162.30,2619.14
15.5117,78.79,-128.08,2452.18,-213.12,-159.87,2621.97
15.5283,75.83,-130.18,2452.08,-214.24,-157.18,2624.35
15.5450,72.34,-132.56,2451.01,-215.36,-154.35,2626.35
15.5617,68.44,-135.02,2449.17,-216.53,-151.54,2627.93
15.5784,64.27,-137.35,2446.75,-217.87,-149.01,2628.89
15.5951,59.96,-139.38,2443.90,-219.58,-147.02,2628.93
15.6117,55.59,-141.01,2440.69,-221.86,-145.78,2627.68
15.6284,51.17,-142.23,2437.13,-224.89,-145.45,2624.85
15.6451,46.64,-143.08,2433.17,-228.74,-146.03,2620.34
15.6618,41.91,-143.66,2428.75,-233.35,-147.46,2614.31
15.6785,36.87,-144.10,2423.84,-238.55,-149.56,2607.15
15.6951,31.44,-144.52,2418.42,-244.05,-152.13,2599.37
15.7118,25.62,-145.04,2412.56,-249.58,-154.96,2591.48
15.7285,19.46,-145.73,2406.35,-254.93,-157.90,2583.85
15.7452,13.09,-146.65,2399.93,-260.04,-160.82,2576.63
15.7618,6.68,-147.83,2393.45,-265.00,-163.67,2569.74
15.7785,0.40,-149.27,2387.07,-270.01,-166.43,2562.93
15.7952,-5.57,-150.91,2380.95,-275.38,-169.14,2555.81
15.8119,-11.15,-152.70,2375.16,-281.36,-171.84,2548.02
15.8286,-16.36,-154.52,2369.71,-288.18,-174.62,2539.30
15.8452,-21.35,-156.28,2364.47,-295.88,-177.53,2529.51
15.8619,-26.37,-157.90,2359.25,-304.38,-180.61,2518.75
15.8786,-31.70,-159.31,2353.82,-313.47,-183.89,2507.26
15.8953,-37.61,-160.49,2347.93,-322.83,-187.35,2495.39
15.9120,-44.25,-161.45,2341.45,-332.13,-190.96,2483.52
15.9286,-51.65,-162.21,2334.36,-341.07,-194.62,2472.03
15.9453,-59.67,-162.85,2326.76,-349.44,-198.26,2461.20
15.9620,-68.05,-163.42,2318.88,-357.11,-201.76,2451.19
15.9787,-76.49,-163.96,2310.99,-364.06,-205.01,2442.09
15.9954,-84.66,-164.47,2303.37,-370.31,-207.92,2433.91
16.0120,-92.33,-164.95,2296.25,-375.93,-210.37,2426.62
16.0287,-99.33,-165.31,2289.76,-380.95,-212.30,2420.21
16.0454,-105.61,-165.51,2283.97,-385.41,-213.67,2414.66
16.0621,-111.21,-165.47,2278.84,-389.26,-214.50,2409.98
16.0788,-116.22,-165.18,2274.32,-392.49,-214.87,2406.18
16.0954,-120.73,-164.61,2270.32,-395.07,-214.93,2403.23
16.1121,-124.84,-163.81,2266.76,-397.00,-214.86,2401.05
16.1288,-128.64,-162.80,2263.56,-398.37,-214.82,2399.48
16.1455,-132.18,-161.64,2260.66,-399.33,-214.87,2398.33
16.1621,-135.51,-160.36,2258.03,-400.10,-214.90,2397.39
16.1788,-138.62,-158.99,2255.61,-400.88,-214.59,2396.53
16.1955,-141.51,-157.56,2253.42,-401.80,-213.50,2395.78
16.2122,-144.14,-156.05,2251.49,-402.80,-211.22,2395.34
16.2289,-146.46,-154.47,2249.87,-403.59,-207.62,2395.62
16.2455,-148.40,-152.80,2248.60,-403.63,-203.15,2397.11
16.2622,-149.92,-151.05,2247.75,-402.20,-199.02,2400.26
16.2789,-150.98,-149.22,2247.31,-398.56,-197.18,2405.29
16.2956,-151.59,-147.37,2247.29,-392.10,-200.03,2412.04
16.3123,-151.77,-145.52,2247.66,-382.59,-209.79,2420.01
16.3289,-151.55,-143.70,2248.36,-370.23,-227.74,2428.47
16.3456,-151.00,-141.92,2249.35,-355.69,-253.44,2436.74
16.3623,-150.18,-140.16,2250.57,-340.07,-284.34,2444.37
16.3790,-149.18,-138.39,2251.98,-324.83,-316.04,2451.16
16.3957,-148.06,-136.59,2253.50,-311.65,-343.22,2457.03
16.4123,-146.92,-134.72,2255.07,-302.17,-361.10,2461.77
16.4290,-145.80,-132.82,2256.60,-297.53,-366.91,2465.13
16.4457,-144.76,-130.92,2258.03,-297.92,-360.74,2466.89
16.4624,-143.85,-129.11,2259.30,-302.44,-345.61,2467.06
16.4791,-143.08,-127.45,2260.39,-309.52,-326.66,2465.67
16.4957,-142.47,-125.98,2261.28,-317.60,-309.79,2462.40
16.5124,-141.99,-124.72,2262.01,-325.68,-300.25,2456.49
16.5291,-141.60,-123.61,2262.61,-333.39,-301.32,2447.14
16.5458,-141.26,-122.59,2263.15,-340.61,-313.63,2434.23
16.5624,-140.94,-121.63,2263.65,-346.94,-335.11,2418.92
16.5791,-140.62,-120.70,2264.14,-351.65,-361.66,2403.54
16.5958,-140.30,-119.84,2264.62,-353.96,-388.33,2390.81
16.6125,-139.99,-119.15,2265.06,-353.54,-410.68,2382.78
16.6292,-139.72,-118.75,2265.45,-350.81,-425.96,2380.01
16.6458,-139.48,-118.81,2265.80,-346.82,-433.68,2381.52
16.6625,-139.27,-119.46,2266.12,-342.94,-435.41,2385.22
16.6792,-139.05,-120.81,2266.50,-340.39,-433.87,2388.76
16.6959,-138.80,-122.92,2267.03,-339.90,-431.82,2390.35
16.7126,-138.50,-125.73,2267.84,-341.64,-431.21,2389.19
16.7292,-138.13,-129.14,2269.02,-345.18,-432.77,2385.56
16.7459,-137.70,-132.98,2270.65,-349.71,-436.09,2380.59
16.7626,-137.22,-137.05,2272.72,-354.21,-439.96,2375.89
16.7793,-136.70,-141.19,2275.17,-357.55,-442.86,2373.26
16.7960,-136.18,-145.29,2277.90,-358.74,-443.37,2374.28
16.8126,-135.66,-149.30,2280.76,-357.12,-440.56,2379.96
16.8293,-135.16,-153.23,2283.65,-352.62,-434.32,2390.35
16.8460,-134.66,-157.11,2286.51,-345.95,-425.59,2404.28
16.8627,-134.16,-160.99,2289.30,-338.63,-416.37,2419.30
16.8794,-133.66,-164.92,2292.04,-332.61,-409.31,2432.26
16.8960,-133.14,-168.90,2294.81,-329.76,-407.05,2440.11
16.9127,-132.61,-172.93,2297.73,-331.18,-411.36,2441.03
16.9294,-132.09,-176.99,2300.93,-336.80,-422.41,2435.07
16.9461,-131.62,-181.05,2304.59,-345.37,-438.67,2424.19
16.9628,-131.22,-185.07,2308.85,-355.00,-457.23,2411.68
16.9794,-130.95,-189.04,2313.80,-363.75,-474.59,2401.17
16.9961,-130.81,-192.91,2319.51,-370.20,-487.38,2395.91
17.0128,-130.84,-196.66,2325.95,-373.68,-493.05,2398.33
17.0295,-131.00,-200.23,2333.11,-374.22,-490.27,2409.82
17.0461,-131.28,-203.57,2340.94,-372.37,-479.17,2430.56
17.0628,-131.62,-206.60,2349.42,-368.93,-461.38,2459.31
17.0795,-132.00,-209.25,2358.55,-364.75,-439.87,2493.25
17.0962,-132.38,-211.45,2368.32,-360.39,-418.44,2528.02
17.1129,-132.78,-213.16,2378.70,-356.02,-401.18,2558.26
17.1295,-133.20,-214.36,2389.67,-351.27,-391.68,2578.51
17.1462,-133.69,-215.06,2401.19,-345.61,-392.41,2584.28
17.1629,-134.28,-215.27,2413.20,-338.83,-404.25,2572.92
17.1796,-134.98,-215.04,2425.64,-331.71,-426.23,2544.09
17.1963,-135.81,-214.42,2438.44,-326.27,-455.71,2499.80
17.2129,-136.77,-213.47,2451.54,-325.28,-488.95,2444.02
17.2296,-137.85,-212.26,2464.89,-331.18,-522.07,2382.25
17.2463,-139.04,-210.84,2478.46,-344.72,-551.99,2320.92
17.2630,-140.33,-209.27,2492.22,-364.13,-577.21,2266.92
17.2797,-141.67,-207.56,2506.16,-385.32,-598.00,2226.79
17.2963,-143.03,-205.72,2520.24,-403.19,-616.03,2205.78
17.3130,-144.38,-203.74,2534.38,-413.49,-633.67,2206.68
17.3297,-145.68,-201.61,2548.44,-414.40,-653.03,2228.90
17.3464,-146.92,-199.29,2562.19,-406.95,-675.21,2268.28
17.3631,-148.09,-196.78,2575.39,-394.24,-699.69,2317.83
17.3797,-149.22,-194.07,2587.73,-379.98,-724.22,2369.31
17.3964,-150.30,-191.21,2598.92,-367.32,-745.14,2415.19
17.4131,-151.36,-188.26,2608.66,-358.47,-758.19,2450.31
17.4298,-152.42,-185.34,2616.70,-355.17,-759.47,2472.67
17.4464,-153.52,-182.60,2622.84,-359.23,-746.37,2483.28
17.4631,-154.68,-180.22,2626.94,-372.68,-718.19,2485.06
17.4798,-155.97,-178.41,2628.96,-397.16,-676.45,2481.49
17.4965,-157.45,-177.34,2628.98,-432.82,-624.73,2475.43
17.5132,-159.16,-177.12,2627.17,-477.46,-568.21,2468.72
17.5298,-161.15,-177.78,2623.78,-526.28,-512.76,2462.57
17.5465,-163.41,-179.22,2619.12,-572.60,-463.86,2458.27
17.5632,-165.96,-181.27,2613.50,-609.36,-425.39,2457.81
17.5799,-168.78,-183.69,2607.17,-630.84,-398.93,2463.91
17.5966,-171.90,-186.22,2600.27,-634.12,-383.57,2479.27
17.6132,-175.42,-188.67,2592.84,-619.73,-376.43,2505.55
17.6299,-179.45,-190.88,2584.81,-591.42,-373.47,2542.31
17.6466,-184.14,-192.81,2576.08,-555.19,-370.56,2586.66
17.6633,-189.58,-194.49,2566.56,-518.00,-364.25,2633.56
17.6800,-195.78,-196.07,2556.28,-486.35,-352.45,2676.73
17.6966,-202.70,-197.73,2545.35,-465.15,-334.74,2710.10
17.7133,-210.21,-199.68,2533.94,-456.89,-312.47,2729.25
17.7300,-218.22,-202.09,2522.21,-461.32,-288.40,2732.51
17.7467,-226.70,-205.04,2510.25,-475.84,-266.01,2721.21
17.7634,-235.64,-208.48,2498.05,-496.41,-248.54,2699.13
17.7800,-245.11,-212.32,2485.57,-518.83,-238.07,2671.14
17.7967,-255.15,-216.40,2472.73,-539.80,-235.02,2641.79
17.8134,-265.75,-220.55,2459.51,-557.58,-238.26,2614.27
17.8301,-276.84,-224.64,2445.94,-571.89,-245.70,2590.07
17.8467,-288.27,-228.55,2432.11,-583.53,-254.96,2569.15
17.8634,-299.83,-232.20,2418.19,-593.72,-264.10,2550.62
17.8801,-311.35,-235.52,2404.36,-603.55,-271.87,2533.36
17.8968,-322.67,-238.44,2390.79,-613.67,-277.84,2516.53
17.9135,-333.66,-240.90,2377.67,-624.21,-282.13,2499.80
17.9301,-344.27,-242.84,2365.13,-634.93,-285.18,2483.25
17.9468,-354.45,-244.20,2353.29,-645.42,-287.49,2467.27
17.9635,-364.21,-244.94,2342.23,-655.26,-289.39,2452.29
17.9802,-373.51,-245.07,2331.97,-664.19,-291.03,2438.66
17.9969,-382.32,-244.60,2322.52,-672.09,-292.36,2426.57
18.0135,-390.60,-243.61,2313.85,-678.99,-293.23,2416.04
18.0302,-398.29,-242.21,2305.91,-685.02,-293.48,2407.00
18.0469,-405.32,-240.49,2298.65,-690.32,-293.01,2399.27
18.0636,-411.68,-238.56,2292.04,-695.02,-291.90,2392.65
18.0803,-417.37,-236.52,2286.05,-699.25,-290.35,2386.90
18.0969,-422.45,-234.41,2280.68,-703.07,-288.70,2381.78
18.1136,-426.96,-232.26,2275.91,-706.53,-287.28,2377.11
18.1303,-431.00,-230.02,2271.74,-709.65,-286.27,2372.77
18.1470,-434.61,-227.62,2268.15,-712.42,-285.61,2368.81
18.1637,-437.82,-224.98,2265.13,-714.79,-284.87,2365.47
18.1803,-440.63,-222.03,2262.67,-716.65,-283.31,2363.17
18.1970,-443.01,-218.80,2260.77,-717.87,-280.10,2362.47
18.2137,-444.94,-215.45,2259.45,-718.27,-274.71,2363.84
18.2304,-446.41,-212.23,2258.72,-717.72,-267.32,2367.46
18.2470,-447.46,-209.48,2258.56,-716.15,-259.28,2372.90
18.2637,-448.13,-207.48,2258.87,-713.70,-253.13,2378.99
18.2804,-448.49,-206.29,2259.52,-710.67,-252.32,2383.84
18.2971,-448.62,-205.59,2260.31,-707.61,-260.35,2385.22
18.3138,-448.57,-204.63,2261.04,-705.16,-279.62,2381.11
18.3304,-448.33,-202.38,2261.55,-703.93,-310.34,2370.42
18.3471,-447.90,-197.84,2261.86,-704.33,-349.98,2353.53
18.3638,-447.23,-190.63,2262.18,-706.34,-393.58,2332.45
18.3805,-446.25,-181.56,2263.02,-709.49,-434.89,2310.49
18.3972,-444.88,-173.04,2265.05,-712.85,-467.94,2291.54
18.4138,-443.05,-168.98,2268.97,-715.29,-488.60,2279.03
18.4305,-440.68,-174.07,2275.19,-715.81,-495.60,2274.97
18.4472,-437.72,-192.37,2283.58,-713.90,-490.63,2279.31
18.4639,-434.21,-225.76,2293.22,-709.82,-477.78,2289.78
18.4806,-430.24,-272.71,2302.55,-704.66,-462.35,2302.33
18.4972,-426.04,-328.16,2309.70,-699.94,-449.47,2312.30
18.5139,-421.90,-384.68,2313.17,-697.14,-442.92,2315.77
18.5306,-418.14,-434.62,2312.40,-697.02,-444.28,2310.78
18.5473,-415.06,-472.39,2308.03,-699.34,-452.83,2297.92
18.5640,-412.88,-495.98,2301.73,-702.90,-466.21,2279.97
18.5806,-411.70,-506.92,2295.40,-705.99,-481.31,2260.75
18.5973,-411.42,-509.00,2290.44,-706.97,-495.39,2243.87
18.6140,-411.81,-506.07,2287.11,-704.75,-506.61,2231.68
18.6307,-412.48,-500.13,2284.45,-699.07,-514.20,2224.90
18.6473,-412.98,-490.54,2280.67,-690.43,-518.09,2222.78
18.6640,-412.87,-474.50,2273.84,-679.91,-518.47,2223.69
18.6807,-411.81,-448.86,2262.62,-668.85,-515.44,2225.75
18.6974,-409.66,-412.11,2246.68,-658.51,-508.97,2227.24
18.7141,-406.47,-365.77,2226.76,-649.81,-499.21,2227.03
18.7307,-402.50,-314.54,2204.38,-643.05,-486.86,2224.57
18.7474,-398.08,-264.97,2181.36,-637.88,-473.37,2219.93
18.7641,-393.58,-223.44,2159.30,-633.39,-460.85,2213.59
18.7808,-389.28,-194.27,2139.27,-628.46,-451.54,2206.21
18.7975,-385.34,-178.65,2121.60,-622.11,-447.02,2198.40
18.8141,-381.83,-174.78,2106.07,-613.83,-447.58,2190.59
18.8308,-378.70,-178.89,2092.11,-603.76,-451.96,2182.98
18.8475,-375.89,-186.73,2079.04,-592.57,-457.79,2175.58
18.8642,-373.31,-194.74,2066.38,-581.25,-462.59,2168.31
18.8809,-370.88,-200.73,2053.87,-570.74,-464.79,2161.04
18.8975,-368.56,-203.99,2041.51,-561.74,-464.33,2153.70
18.9142,-366.33,-204.90,2029.49,-554.42,-462.41,2146.53
18.9309,-364.17,-204.42,2018.05,-548.34,-460.71,2140.18
18.9476,-362.09,-203.55,2007.42,-542.49,-460.45,2135.54
18.9643,-360.11,-203.00,1997.73,-535.60,-462.01,2133.12
18.9809,-358.26,-203.12,1988.98,-526.62,-465.15,2132.02
18.9976,-356.55,-203.87,1981.10,-515.14,-469.69,2129.47
19.0143,-355.00,-205.03,1973.92,-501.42,-475.92,2121.24
19.0310,-353.59,-206.28,1967.31,-486.09,-484.57,2103.19
19.0477,-352.31,-207.37,1961.14,-469.84,-496.38,2073.19
19.0643,-351.15,-208.16,1955.37,-453.29,-511.40,2032.41
19.0810,-350.10,-208.60,1950.01,-437.13,-528.71,1985.34
19.0977,-349.15,-208.74,1945.09,-422.28,-546.52,1938.38
19.1144,-348.30,-208.65,1940.67,-409.87,-562.83,1897.75
19.1310,-347.55,-208.41,1936.77,-400.98,-576.01,1867.58
19.1477,-346.89,-208.07,1933.32,-396.12,-585.21,1849.15
19.1644,-346.33,-207.64,1930.21,-394.73,-590.31,1841.32
19.1811,-345.85,-207.10,1927.27,-395.06,-591.60,1841.88
19.1978,-345.43,-206.42,1924.36,-394.33,-589.45,1848.81
19.2144,-345.04,-205.57,1921.40,-389.52,-584.21,1861.03
19.2311,-344.69,-204.55,1918.43,-378.24,-576.31,1878.18
19.2478,-344.34,-203.35,1915.59,-359.59,-566.50,1899.98
19.2645,-344.02,-201.97,1913.09,-334.80,-555.94,1925.29
19.2812,-343.73,-200.42,1911.19,-307.23,-546.20,1951.49
19.2978,-343.46,-198.67,1910.08,-281.85,-538.83,1974.66
19.3145,-343.23,-196.68,1909.96,-263.88,-535.03,1990.46
19.3312,-343.00,-194.44,1910.95,-257.16,-535.28,1995.60
19.3479,-342.75,-191.97,1913.14,-262.72,-539.26,1989.17
19.3646,-342.44,-189.37,1916.60,-278.22,-546.13,1973.20
19.3812,-342.01,-186.81,1921.38,-298.64,-554.97,1952.20
19.3979,-341.39,-184.52,1927.49,-317.94,-565.09,1931.67
19.4146,-340.54,-182.77,1934.90,-331.04,-576.15,1916.37
19.4313,-339.39,-181.75,1943.50,-335.47,-587.92,1908.85
19.4480,-337.92,-181.52,1953.14,-331.96,-599.81,1908.97
19.4646,-336.11,-182.01,1963.60,-323.79,-610.55,1914.22
19.4813,-333.95,-183.04,1974.57,-315.27,-618.28,1920.95
19.4980,-331.44,-184.33,1985.70,-309.98,-620.96,1925.79
19.5147,-328.57,-185.65,1996.58,-309.34,-617.11,1926.80
19.5313,-325.36,-186.82,2006.76,-312.31,-606.44,1924.15
19.5480,-321.80,-187.76,2015.82,-315.94,-590.19,1920.15
19.5647,-317.90,-188.48,2023.43,-316.68,-570.80,1918.80
19.5814,-313.60,-189.06,2029.45,-311.90,-551.24,1924.89
19.5981,-308.85,-189.61,2033.98,-300.94,-534.12,1942.97
19.6147,-303.56,-190.24,2037.36,-285.41,-520.95,1976.08
19.6314,-297.66,-191.01,2040.15,-268.50,-511.87,2024.66
19.6481,-291.08,-191.95,2042.99,-253.82,-505.85,2085.83
19.6648,-283.80,-193.05,2046.45,-244.13,-501.35,2153.16
19.6815,-275.87,-194.27,2050.90,-240.67,-496.92,2217.45
19.6981,-267.37,-195.54,2056.50,-243.10,-491.76,2268.37
19.7148,-258.44,-196.78,2063.15,-249.86,-486.00,2297.03
19.7315,-249.20,-197.94,2070.58,-258.80,-480.75,2298.79
19.7482,-239.80,-198.93,2078.52,-267.64,-477.87,2275.24
19.7649,-230.31,-199.71,2086.68,-274.41,-479.54,2234.61
19.7815,-220.74,-200.25,2094.91,-277.64,-487.75,2189.92
19.7982,-211.05,-200.54,2103.19,-276.59,-503.52,2155.31
19.8149,-201.16,-200.60,2111.58,-271.45,-526.29,2141.75
19.8316,-190.98,-200.47,2120.21,-263.42,-553.54,2153.58
19.8483,-180.48,-200.19,2129.20,-254.57,-581.03,2187.32
19.8649,-169.67,-199.81,2138.61,-247.50,-603.75,2232.99
19.8816,-158.61,-199.36,2148.44,-244.57,-617.44,2277.50
19.8983,-147.40,-198.83,2158.62,-247.28,-620.05,2308.72
19.9150,-136.18,-198.21,2169.00,-255.65,-612.63,2318.72
19.9316,-125.06,-197.44,2179.39,-268.11,-599.11,2305.30
19.9483,-114.13,-196.51,2189.62,-281.77,-584.90,2271.57
19.9650,-103.48,-195.38,2199.52,-292.83,-574.99,2224.34
19.9817,-93.14,-194.06,2209.02,-297.31,-572.18,2172.18
19.9984,-83.14,-192.55,2218.08,-291.67,-576.25,2123.77
20.0150,-73.54,-190.88,2226.72,-273.66,-584.27,2086.68
20.0317,-64.38,-189.04,2234.99,-243.04,-591.86,2066.23
20.0484,-55.78,-187.03,2242.88,-202.11,-595.04,2064.48
20.0651,-47.85,-184.84,2250.38,-155.61,-591.88,2079.64
20.0818,-40.73,-182.46,2257.40,-109.93,-583.31,2106.15
20.0984,-34.57,-179.87,2263.80,-71.68,-572.82,2136.15
20.1151,-29.48,-177.08,2269.42,-45.99,-565.22,2161.67
20.1318,-25.59,-174.10,2274.06,-34.97,-564.87,2176.99
20.1485,-22.98,-170.96,2277.58,-36.94,-574.14,2180.14
20.1652,-21.70,-167.71,2279.85,-46.87,-592.47,2172.92
20.1818,-21.74,-164.41,2280.83,-57.88,-616.35,2159.51
20.1985,-23.05,-161.12,2280.58,-63.68,-640.38,2144.27
20.2152,-25.50,-157.90,2279.22,-60.79,-658.79,2129.63
20.2319,-28.94,-154.82,2276.92,-49.91,-667.23,2115.32
20.2486,-33.19,-151.92,2273.88,-35.75,-663.83,2098.95
20.2652,-38.03,-149.22,2270.31,-25.38,-649.47,2077.79
20.2819,-43.25,-146.71,2266.45,-25.65,-627.15,2050.71
20.2986,-48.61,-144.33,2262.51,-40.75,-600.76,2019.14
20.3153,-53.84,-142.00,2258.75,-70.66,-573.98,1986.82
20.3319,-58.69,-139.61,2255.39,-111.09,-549.46,1958.48
20.3486,-62.90,-137.06,2252.66,-154.89,-528.70,1938.18
20.3653,-66.26,-134.28,2250.75,-194.38,-512.22,1927.97
20.3820,-68.61,-131.30,2249.75,-223.70,-499.99,1927.46
20.3987,-69.88,-128.20,2249.64,-240.31,-491.80,1934.11
20.4153,-70.12,-125.14,2250.26,-245.16,-487.51,1944.22
20.4320,-69.51,-122.28,2251.35,-241.69,-487.09,1953.97
20.4487,-68.32,-119.74,2252.64,-234.34,-490.48,1960.32
20.4654,-66.88,-117.58,2253.87,-227.05,-497.32,1961.61
20.4821,-65.48,-115.80,2254.99,-222.21,-506.71,1957.58
20.4987,-64.32,-114.34,2256.11,-220.27,-517.11,1949.27
20.5154,-63.51,-113.17,2257.54,-219.89,-526.54,1938.51
20.5321,-63.02,-112.30,2259.68,-218.40,-533.03,1927.53
20.5488,-62.78,-111.83,2262.82,-212.69,-535.16,1918.44
20.5655,-62.64,-111.95,2267.02,-200.11,-532.56,1912.96
20.5821,-62.47,-112.90,2272.02,-179.42,-525.99,1912.27
20.5988,-62.16,-114.87,2277.25,-151.33,-517.26,1917.04
20.6155,-61.66,-117.99,2281.90,-118.45,-508.81,1927.58
20.6322,-60.94,-122.25,2285.15,-84.66,-503.23,1943.96
20.6489,-60.04,-127.48,2286.35,-54.02,-502.66,1966.06
20.6655,-59.04,-133.43,2285.21,-29.61,-508.36,1993.47
20.6822,-57.99,-139.79,2281.86,-12.77,-520.32,2025.36
20.6989,-56.98,-146.32,2276.74,-2.95,-537.27,2060.35
20.7156,-56.02,-152.82,2270.46,1.74,-556.87,2096.44
20.7323,-55.12,-159.20,2263.68,3.59,-576.29,2131.08
20.7489,-54.27,-165.45,2256.93,4.32,-592.84,2161.48
20.7656,-53.44,-171.60,2250.59,4.65,-604.65,2185.08
20.7823,-52.60,-177.66,2244.84,4.39,-611.13,2200.32
20.7990,-51.76,-183.62,2239.70,3.26,-613.05,2207.20
20.8156,-50.93,-189.41,2235.07,1.70,-612.15,2207.69
20.8323,-50.14,-194.96,2230.75,1.45,-610.61,2205.46
20.8490,-49.42,-200.14,2226.52,5.26,-610.30,2205.00
20.8657,-48.79,-204.88,2222.17,15.88,-612.33,2210.26
20.8824,-48.30,-209.08,2217.58,34.73,-616.82,2223.42
20.8990,-47.93,-212.70,2212.75,60.97,-622.88,2244.10
20.9157,-47.69,-215.67,2207.77,91.58,-629.03,2269.68
20.9324,-47.56,-217.97,2202.85,122.33,-633.68,2296.35
20.9491,-47.52,-219.55,2198.19,149.32,-635.71,2320.49
20.9658,-47.54,-220.38,2193.93,170.25,-634.79,2339.90
20.9824,-47.61,-220.44,2190.16,184.92,-631.43,2354.18
20.9991,-47.73,-219.74,2186.84,194.84,-626.87,2364.33
21.0158,-47.89,-218.32,2183.90,202.04,-622.69,2371.81
21.0325,-48.10,-216.25,2181.27,207.93,-620.35,2377.51
21.0492,-48.37,-213.62,2178.93,212.65,-620.70,2381.36
21.0658,-48.69,-210.52,2176.94,215.47,-623.71,2382.74
21.0825,-49.07,-207.03,2175.40,215.75,-628.49,2381.36
21.0992,-49.49,-203.22,2174.46,213.99,-633.68,2378.08
21.1159,-49.97,-199.16,2174.23,212.23,-637.90,2375.16
21.1326,-50.51,-194.90,2174.78,213.60,-640.19,2375.66
21.1492,-51.11,-190.53,2176.13,221.26,-640.29,2382.47
21.1659,-51.79,-186.10,2178.24,237.41,-638.48,2397.45
21.1826,-52.53,-181.69,2181.02,262.80,-635.26,2421.08
21.1993,-53.33,-177.33,2184.37,296.78,-630.91,2452.65
21.2159,-54.13,-173.04,2188.23,337.51,-625.29,2490.59
21.2326,-54.88,-168.84,2192.57,382.27,-618.17,2532.53
21.2493,-55.51,-164.72,2197.37,427.50,-609.74,2575.27
21.2660,-56.00,-160.71,2202.65,469.09,-601.03,2614.84
21.2827,-56.37,-156.84,2208.33,502.88,-593.88,2646.96
21.2993,-56.76,-153.17,2214.27,525.51,-590.26,2668.06
21.3160,-57.38,-149.79,2220.17,535.28,-591.20,2676.30
21.3327,-58.52,-146.78,2225.61,532.45,-596.00,2672.19
21.3494,-60.45,-144.30,2230.17,518.87,-602.00,2658.23
21.3661,-63.37,-142.49,2233.45,496.90,-605.37,2637.74
21.3827,-67.25,-141.54,2235.24,468.45,-602.40,2613.61
21.3994,-71.85,-141.61,2235.53,434.72,-590.89,2587.56
21.4161,-76.74,-142.78,2234.53,396.69,-570.95,2560.39
21.4328,-81.36,-145.06,2232.59,356.02,-545.01,2532.72
21.4495,-85.23,-148.34,2230.12,315.50,-517.03,2505.75
21.4661,-88.05,-152.41,2227.45,278.80,-491.37,2481.34
21.4828,-89.77,-157.03,2224.83,249.48,-471.52,2461.56
21.4995,-90.60,-161.99,2222.37,229.87,-459.33,2447.91
21.5162,-90.89,-167.13,2220.08,220.33,-454.80,2440.75
21.5329,-91.04,-172.40,2217.90,219.32,-456.39,2439.21
21.5495,-91.39,-177.79,2215.72,224.01,-461.81,2441.55
21.5662,-92.14,-183.35,2213.43,231.31,-468.76,2445.77
21.5829,-93.35,-189.10,2210.96,238.66,-475.51,2450.19
21.5996,-94.94,-195.03,2208.27,244.53,-481.16,2453.78
21.6162,-96.75,-201.05,2205.41,248.47,-485.55,2456.23
21.6329,-98.60,-207.04,2202.50,250.81,-488.99,2457.74
21.6496,-100.29,-212.83,2199.68,252.27,-491.93,2458.74
21.6663,-101.67,-218.26,2197.14,253.58,-494.71,2459.61
21.6830,-102.62,-223.19,2195.00,255.21,-497.41,2460.53
21.6996,-103.10,-227.53,2193.37,257.35,-499.90,2461.47
21.7163,-103.08,-231.22,2192.29,259.95,-502.00,2462.33
21.7330,-102.56,-234.23,2191.79,262.87,-503.64,2463.09
21.7497,-101.56,-236.51,2191.91,266.00,-505.04,2464.02
21.7664,-100.07,-238.04,2192.67,269.36,-506.71,2465.69
21.7830,-98.09,-238.79,2194.14,273.09,-509.29,2468.80
21.7997,-95.57,-238.73,2196.36,277.33,-513.18,2473.88
21.8164,-92.52,-237.88,2199.34,282.11,-518.17,2480.84
21.8331,-88.93,-236.28,2203.05,287.17,-522.94,2488.54
21.8498,-84.85,-234.00,2207.40,291.92,-525.03,2494.64
21.8664,-80.35,-231.11,2212.29,295.49,-521.04,2495.87
21.8831,-75.53,-227.69,2217.56,296.91,-507.35,2488.66
21.8998,-70.49,-223.80,2223.10,295.39,-481.18,2470.17
21.9165,-65.36,-219.49,2228.79,290.60,-441.52,2439.28
21.9332,-60.22,-214.83,2234.54,282.81,-389.77,2397.14
21.9498,-55.14,-209.87,2240.27,272.91,-329.64,2347.19
21.9665,-50.17,-204.70,2245.94,262.19,-266.48,2294.49
21.9832,-45.36,-199.37,2251.52,252.08,-206.20,2244.66
21.9999,-40.72,-193.95,2256.96,243.80,-153.97,2202.68
22.0165,-36.31,-188.48,2262.25,238.10,-113.20,2171.80
22.0332,-32.16,-183.01,2267.34,235.10,-84.96,2153.01
22.0499,-28.36,-177.56,2272.17,234.33,-68.01,2145.02
22.0666,-24.96,-172.21,2276.65,234.90,-59.46,2144.91
22.0833,-22.05,-167.05,2280.68,235.77,-55.76,2149.09
22.0999,-19.70,-162.17,2284.15,236.02,-53.70,2154.29
22.1166,-17.96,-157.67,2286.99,235.04,-51.02,2158.20
22.1333,-16.82,-153.64,2289.16,232.61,-46.67,2159.70
22.1500,-16.19,-150.08,2290.72,228.86,-40.65,2158.77
22.1667,-15.94,-146.99,2291.76,224.19,-33.58,2156.05
22.1833,-15.92,-144.30,2292.46,219.13,-26.30,2152.50
22.2000,-15.98,-141.90,2292.98,214.23,-19.55,2148.98
22.2167,-16.03,-139.71,2293.46,209.91,-13.75,2146.11
22.2334,-16.07,-137.64,2293.95,206.46,-9.00,2144.16
22.2501,-16.18,-135.64,2294.40,203.97,-5.19,2143.11
22.2667,-16.52,-133.71,2294.68,202.36,-2.05,2142.74
22.2834,-17.22,-131.90,2294.64,201.45,0.62,2142.76
22.3001,-18.38,-130.25,2294.13,200.95,2.96,2142.89
22.3168,-20.01,-128.85,2293.08,200.62,5.02,2142.93
22.3335,-21.99,-127.72,2291.52,200.26,6.75,2142.75
22.3501,-24.15,-126.88,2289.61,199.82,8.06,2142.34
22.3668,-26.25,-126.26,2287.60,199.30,8.87,2141.73
22.3835,-28.10,-125.81,2285.77,198.84,9.12,2140.96
22.4002,-29.59,-125.42,2284.45,198.54,8.78,2140.06
22.4168,-30.67,-125.05,2283.88,198.50,7.81,2139.04
22.4335,-31.37,-124.76,2284.27,198.73,6.13,2137.89
22.4502,-31.77,-124.69,2285.70,199.18,3.61,2136.59
22.4669,-31.93,-125.07,2288.14,199.71,0.04,2135.15
22.4836,-31.93,-126.16,2291.50,200.21,-4.74,2133.64
22.5002,-31.80,-128.18,2295.64,200.60,-10.82,2132.20
22.5169,-31.53,-131.23,2300.41,200.96,-18.01,2131.14
22.5336,-31.14,-135.31,2305.75,201.50,-25.82,2130.89
22.5503,-30.63,-140.28,2311.62,202.56,-33.43,2132.04
22.5670,-30.01,-145.92,2318.08,204.48,-39.91,2135.17
22.5836,-29.30,-152.00,2325.28,207.44,-44.57,2140.66
22.6003,-28.56,-158.32,2333.40,211.23,-47.50,2148.45
22.6170,-27.83,-164.74,2342.69,215.15,-49.94,2157.79
22.6337,-27.15,-171.18,2353.40,217.91,-54.50,2167.19
22.6504,-26.53,-177.63,2365.76,217.90,-64.79,2174.59
22.6670,-26.00,-184.11,2379.94,213.50,-84.62,2177.85
22.6837,-25.55,-190.61,2396.06,203.61,-116.77,2175.35
22.7004,-25.16,-197.13,2414.11,187.96,-161.91,2166.58
22.7171,-24.85,-203.58,2434.00,167.29,-217.87,2152.40
22.7338,-24.60,-209.87,2455.52,143.11,-279.90,2134.90
22.7504,-24.44,-215.83,2478.40,117.27,-341.66,2116.82
22.7671,-24.38,-221.32,2502.37,91.39,-396.77,2100.79
22.7838,-24.45,-226.21,2527.12,66.55,-440.33,2088.70
22.8005,-24.65,-230.42,2552.37,43.18,-470.00,2081.36
22.8172,-24.96,-233.99,2577.87,21.37,-486.20,2078.64
22.8338,-25.32,-237.06,2603.40,1.29,-491.50,2080.01
22.8505,-25.67,-239.83,2628.76,-16.37,-489.53,2085.18
22.8672,-25.93,-242.50,2653.80,-30.17,-483.77,2094.59
22.8839,-26.09,-245.11,2678.38,-38.07,-476.78,2109.45
22.9005,-26.16,-247.44,2702.45,-37.91,-469.96,2131.37
22.9172,-26.31,-248.85,2725.96,-28.14,-463.70,2161.73
22.9339,-26.74,-248.42,2748.93,-8.46,-457.78,2200.88
22.9506,-27.72,-245.13,2771.37,19.72,-451.72,2247.71
22.9673,-29.43,-238.32,2793.29,53.14,-445.04,2299.38
22.9839,-31.87,-228.22,2814.60,86.98,-437.31,2351.57
23.0006,-34.70,-216.40,2835.12,115.50,-428.22,2399.10
23.0173,-37.22,-205.93,2854.53,133.23,-417.56,2436.95
23.0340,-38.44,-201.07,2872.38,136.40,-405.39,2461.59
23.0507,-37.26,-206.37,2888.13,124.31,-392.14,2472.22
23.0673,-32.86,-225.46,2901.29,100.10,-378.73,2471.31
23.0840,-24.93,-259.86,2911.38,70.26,-366.44,2464.22
23.1007,-13.98,-308.17,2918.07,42.89,-356.65,2457.60
23.1174,-1.31,-366.04,2921.12,25.29,-350.25,2457.28
23.1341,11.15,-426.82,2920.49,21.69,-347.11,2466.51
23.1507,21.27,-482.59,2916.44,32.27,-345.68,2485.26
23.1674,27.14,-525.53,2909.77,53.63,-343.01,2510.96
23.1841,27.55,-549.10,2901.89,80.58,-335.22,2540.08
23.2008,22.30,-549.19,2894.72,108.07,-318.44,2569.75
23.2175,12.19,-524.91,2890.28,132.70,-289.98,2598.60
23.2341,-1.22,-478.98,2890.09,153.09,-249.40,2626.63
23.2508,-16.05,-417.45,2894.61,169.40,-198.98,2654.22
23.2675,-30.57,-348.67,2902.95,182.36,-143.55,2681.19
23.2842,-43.61,-281.76,2913.09,192.39,-89.46,2706.19
23.3008,-54.66,-224.75,2922.35,199.27,-43.07,2726.93
23.3175,-63.89,-183.16,2928.17,202.24,-9.22,2740.90
23.3342,-71.99,-159.04,2928.62,200.52,9.84,2746.28
23.3509,-79.92,-151.06,2922.83,193.74,14.72,2742.59
23.3676,-88.67,-155.44,2910.89,182.16,8.34,2730.73
23.3842,-99.08,-167.30,2893.68,166.61,-5.23,2712.64
23.4009,-111.64,-182.08,2872.44,148.18,-22.01,2690.59
23.4176,-126.48,-196.49,2848.40,127.89,-38.94,2666.52
23.4343,-143.42,-208.80,2822.64,106.48,-54.33,2641.73
23.4510,-162.03,-218.73,2795.89,84.29,-67.61,2616.74
23.4676,-181.80,-226.82,2768.61,61.42,-79.02,2591.58
23.4843,-202.24,-233.97,2741.06,37.82,-89.07,2565.98
23.5010,-222.96,-240.92,2713.39,13.51,-98.22,2539.79
23.5177,-243.67,-248.03,2685.74,-11.38,-106.72,2513.03
23.5344,-264.15,-255.29,2658.31,-36.57,-114.64,2486.01
23.5510,-284.26,-262.40,2631.36,-61.70,-121.97,2459.20
23.5677,-303.82,-268.96,2605.25,-86.39,-128.71,2433.14
23.5844,-322.65,-274.66,2580.29,-110.37,-134.92,2408.30
23.6011,-340.58,-279.38,2556.77,-133.43,-140.62,2384.96
23.6178,-357.43,-283.22,2534.84,-155.48,-145.66,2363.19
23.6344,-373.10,-286.45,2514.55,-176.46,-149.62,2342.79
23.6511,-387.50,-289.35,2495.89,-196.38,-151.76,2323.43
23.6678,-400.60,-292.10,2478.80,-215.25,-151.28,2304.68
23.6845,-412.44,-294.57,2463.28,-233.09,-147.69,2286.23
23.7011,-423.11,-296.29,2449.38,-249.93,-141.38,2268.11
23.7178,-432.81,-296.48,2437.18,-265.84,-134.05,2250.82
23.7345,-441.73,-294.34,2426.73,-280.89,-128.86,2235.41
23.7512,-450.03,-289.40,2418.02,-295.17,-130.03,2223.34
23.7679,-457.73,-282.00,2410.93,-308.78,-141.94,2216.10
23.7845,-464.54,-273.60,2405.29,-321.78,-167.77,2214.71
23.8012,-469.84,-266.83,2400.84,-334.23,-208.31,2219.22
23.8179,-472.75,-265.09,2397.45,-346.05,-261.27,2228.49
23.8346,-472.21,-271.64,2395.14,-357.10,-321.58,2240.27
23.8513,-467.26,-288.55,2394.33,-367.12,-382.47,2251.70
23.8679,-457.18,-315.77,2395.89,-375.79,-437.04,2259.99
23.8846,-441.59,-350.88,2401.19,-382.91,-479.84,2263.11
23.9013,-420.50,-389.57,2411.86,-388.47,-507.85,2260.27
23.9180,-394.36,-426.82,2429.26,-392.67,-520.68,2252.00
23.9347,-364.27,-458.24,2453.72,-395.89,-520.17,2239.89
23.9513,-332.26,-481.13,2483.80,-398.45,-509.60,2226.13
23.9680,-301.55,-494.71,2515.91,-400.41,-493.04,2212.90
23.9847,-276.34,-499.80,2544.63,-401.55,-474.76,2201.94
24.0014,-261.04,-498.07,2563.99,-401.53,-458.66,2194.18
24.0181,-259.02,-491.41,2569.14,-400.18,-447.66,2189.61
24.0347,-271.31,-481.71,2558.08,-397.73,-443.08,2187.41
24.0514,-296.00,-470.80,2532.43,-394.77,-444.15,2186.36
24.0681,-328.58,-460.56,2496.92,-392.09,-447.84,2185.22
24.0848,-363.31,-452.75,2457.82,-390.31,-449.25,2183.16
24.1014,-394.87,-448.68,2421.09,-389.75,-442.52,2179.86
24.1181,-419.75,-448.76,2390.87,-390.33,-422.30,2175.50
24.1348,-436.77,-452.02,2368.95,-391.69,-385.49,2170.57
24.1515,-446.89,-455.99,2355.12,-393.34,-332.54,2165.65
24.1682,-452.42,-456.98,2347.92,-394.84,-267.84,2161.23
24.1848,-456.06,-450.89,2345.58,-395.91,-198.85,2157.66
24.2015,-460.06,-434.39,2346.57,-396.45,-134.19,2155.12
24.2182,-465.71,-406.17,2349.83,-396.52,-81.25,2153.61
24.2349,-473.15,-367.78,2354.65,-396.30,-44.37,2152.99
24.2516,-481.61,-323.54,2360.43,-395.96,-24.08,2153.01
24.2682,-489.83,-279.43,2366.58,-395.67,-17.57,2153.40
24.2849,-496.60,-241.37,2372.48,-395.49,-20.12,2153.87
24.3016,-501.20,-213.48,2377.49,-395.41,-26.84,2154.20
24.3183,-503.59,-197.06,2381.10,-395.32,-33.95,2154.19
24.3350,-504.43,-190.72,2382.91,-395.09,-39.44,2153.72
24.3516,-504.69,-191.25,2382.69,-394.58,-43.04,2152.73
24.3683,-505.27,-195.14,2380.50,-393.68,-45.64,2151.22
24.3850,-506.53,-199.77,2376.86,-392.33,-48.63,2149.27
24.4017,-507.97,-204.21,2372.93,-390.58,-53.20,2147.04
24.4184,-508.18,-209.35,2370.55,-388.52,-60.00,2144.75
24.4350,-505.09,-217.38,2372.10,-386.33,-69.07,2142.71
24.4517,-496.39,-231.02,2380.06,-384.19,-79.92,2141.28
24.4684,-480.21,-252.54,2396.40,-382.32,-91.87,2140.91
24.4851,-455.57,-283.16,2422.06,-380.88,-104.17,2142.10
24.5018,-422.66,-322.69,2456.70,-380.03,-116.25,2145.39
24.5184,-382.75,-369.66,2498.88,-379.87,-127.69,2151.29
24.5351,-337.88,-421.73,2546.43,-380.46,-138.28,2160.19
24.5518,-290.54,-476.01,2596.91,-381.81,-147.92,2172.34
24.5685,-243.37,-529.51,2647.86,-383.91,-156.61,2187.73
24.5851,-199.05,-579.33,2696.96,-386.66,-164.39,2206.12
24.6018,-160.06,-622.97,2741.99,-389.98,-171.32,2227.06
24.6185,-128.40,-658.67,2780.93,-393.73,-177.46,2249.94
24.6352,-105.22,-685.79,2812.23,-397.77,-182.88,2274.10
24.6519,-90.58,-704.87,2835.19,-401.99,-187.62,2298.92
24.6685,-83.33,-717.42,2850.21,-406.25,-191.71,2323.86
24.6852,-81.49,-725.30,2858.94,-410.48,-195.14,2348.50
24.7019,-82.77,-729.99,2863.95,-414.62,-197.87,2372.57
24.7186,-85.10,-732.28,2868.08,-418.65,-199.84,2395.92
24.7353,-87.08,-732.28,2873.51,-422.56,-201.02,2418.46
24.7519,-88.08,-730.08,2880.88,-426.40,-201.38,2440.17
24.7686,-88.08,-726.26,2888.64,-430.20,-200.98,2461.02
24.7853,-87.35,-722.34,2893.16,-433.97,-199.86,2480.95
24.8020,-86.20,-720.52,2889.44,-437.70,-198.12,2499.90
24.8187,-84.71,-723.09,2872.60,-441.32,-195.86,2517.80
24.8353,-82.68,-731.45,2839.71,-444.69,-193.21,2534.62
24.8520,-79.66,-745.45,2791.24,-447.66,-190.28,2550.39
24.8687,-75.08,-763.16,2731.69,-450.11,-187.19,2565.16
24.8854,-68.44,-781.37,2668.97,-452.01,-184.02,2578.94
24.9021,-59.49,-796.66,2612.58,-453.51,-180.77,2591.65
24.9187,-48.48,-806.57,2571.20,-454.93,-177.38,2603.00
24.9354,-36.21,-810.43,2550.44,-456.71,-173.70,2612.51
24.9521,-24.06,-809.59,2551.41,-459.26,-169.58,2619.66
24.9688,-13.61,-806.83,2570.64,-462.75,-164.97,2624.16
24.9854,-6.18,-805.26,2601.35,-466.85,-160.03,2626.30
25.0021,-2.29,-807.18,2635.53,-470.63,-155.17,2627.18
25.0188,-1.33,-813.23,2666.31,-472.57,-151.02,2628.74
25.0355,-1.73,-822.33,2689.71,-470.92,-148.34,2633.36
25.0522,-1.38,-832.49,2705.34,-464.23,-147.75,2643.14
25.0688,1.63,-841.94,2715.71,-452.05,-149.49,2658.97
25.0855,8.47,-850.11,2724.65,-435.48,-153.24,2679.87
25.1022,19.15,-857.87,2735.50,-417.19,-158.13,2702.73
25.1189,32.67,-866.78,2749.88,-400.96,-162.94,2722.97
25.1356,47.40,-877.81,2767.50,-390.63,-166.54,2735.76
25.1522,61.56,-890.17,2786.81,-388.87,-168.27,2737.66
25.1689,73.67,-900.77,2806.08,-396.23,-168.26,2727.81
25.1856,82.68,-904.91,2824.23,-410.85,-167.43,2708.40
25.2023,87.89,-897.71,2841.05,-428.99,-167.20,2683.99
25.2190,88.76,-876.01,2856.75,-446.21,-169.02,2660.12
25.2356,84.73,-839.71,2871.06,-458.69,-173.92,2641.66
25.2523,75.05,-792.01,2882.49,-464.17,-182.20,2631.57
25.2690,58.80,-738.47,2888.22,-462.34,-193.45,2630.42
25.2857,35.13,-685.17,2884.86,-454.58,-206.76,2636.62
25.3024,3.69,-636.92,2869.64,-443.26,-221.03,2647.29
25.3190,-34.91,-596.36,2841.75,-431.00,-235.24,2659.17
25.3357,-78.60,-563.97,2802.97,-419.99,-248.61,2669.48
25.3524,-123.83,-538.99,2757.70,-411.67,-260.72,2676.39
25.3691,-165.83,-520.54,2712.16,-406.59,-271.39,2679.14
25.3857,-199.49,-508.23,2673.19,-404.60,-280.66,2677.88
25.4024,-220.65,-502.12,2646.65,-405.10,-288.67,2673.37
25.4191,-227.53,-502.04,2635.86,-407.33,-295.56,2666.63
25.4358,-221.71,-506.80,2640.56,-410.59,-301.45,2658.75
25.4525,-208.13,-513.86,2656.64,-414.40,-306.38,2650.73
25.4691,-193.93,-519.70,2676.93,-418.54,-310.29,2643.46
25.4858,-186.22,-521.05,2692.93,-422.99,-313.07,2637.65
25.5025,-189.73,-516.22,2696.87,-427.85,-314.65,2633.72
25.5192,-205.10,-506.09,2683.54,-433.11,-315.04,2631.47
25.5359,-228.73,-493.98,2651.38,-438.59,-314.52,2629.76
25.5525,-254.11,-484.54,2602.62,-443.78,-313.67,2626.32
25.5692,-274.26,-481.87,2542.56,-447.88,-313.37,2617.80
25.5859,-284.22,-487.81,2478.34,-449.98,-314.72,2600.28
25.6026,-282.54,-501.21,2417.53,-449.20,-318.75,2570.05
25.6193,-271.36,-518.45,2366.61,-444.97,-326.23,2524.62
25.6359,-255.23,-535.02,2329.92,-437.21,-337.45,2463.42
25.6526,-239.23,-547.35,2309.12,-426.36,-352.06,2388.27
25.6693,-227.25,-554.21,2303.49,-413.38,-369.08,2303.44
25.6860,-220.91,-557.15,2310.92,-399.66,-386.93,2215.45
25.7027,-219.31,-559.93,2329.11,-386.89,-403.57,2132.56
25.7193,-219.59,-567.25,2356.31,-376.85,-416.74,2063.76
25.7360,-218.00,-583.15,2391.42,-371.15,-424.33,2017.41
25.7527,-211.21,-609.55,2433.37,-370.92,-424.80,1999.50
25.7694,-197.51,-645.17,2480.27,-376.60,-417.55,2012.21
25.7860,-177.37,-685.49,2528.81,-387.76,-403.09,2053.39
25.8027,-153.36,-723.69,2574.38,-403.29,-382.89,2117.10
25.8194,-129.15,-752.67,2612.07,-421.57,-359.06,2195.01
25.8361,-108.14,-767.47,2638.34,-440.82,-333.92,2278.09
25.8528,-92.18,-767.24,2652.61,-459.34,-309.69,2358.08
25.8694,-80.94,-755.84,2658.07,-475.72,-288.20,2428.34
25.8861,-72.30,-740.74,2660.94,-488.92,-270.75,2484.48
25.9028,-63.53,-730.48,2668.34,-498.44,-258.00,2524.51
25.9195,-52.81,-731.78,2685.57,-504.29,-249.95,2548.85
25.9362,-40.28,-747.29,2714.18,-506.94,-246.02,2559.90
25.9528,-28.25,-774.92,2751.61,-507.23,-245.26,2561.32
25.9695,-20.35,-808.76,2792.40,-506.08,-246.59,2557.10
25.9862,-20.12,-841.33,2830.31,-504.31,-249.07,2550.60
26.0029,-29.56,-866.13,2860.24,-502.49,-252.04,2544.07
26.0196,-48.29,-879.73,2879.24,-500.88,-255.16,2538.46
26.0362,-73.57,-882.53,2886.66,-499.42,-258.34,2533.62
26.0529,-101.24,-878.10,2883.54,-497.90,-261.71,2528.82
26.0696,-127.03,-871.52,2872.03,-496.01,-265.48,2523.14
26.0863,-147.87,-867.45,2854.97,-493.49,-269.88,2515.89
26.1030,-162.53,-868.74,2835.74,-490.20,-275.09,2506.72
26.1196,-171.64,-875.54,2817.94,-486.21,-281.13,2495.58
26.1363,-177.13,-885.33,2804.99,-481.79,-287.83,2482.59
26.1530,-181.34,-893.42,2799.43,-477.37,-294.71,2467.83
26.1697,-186.27,-894.15,2802.50,-473.44,-301.02,2451.39
26.1863,-193.04,-882.34,2813.92,-470.37,-305.89,2433.40
26.2030,-201.72,-854.93,2832.15,-468.21,-308.65,2414.21
26.2197,-211.55,-812.16,2854.94,-466.53,-309.19,2394.55
26.2364,-221.32,-757.94,2879.75,-464.31,-308.41,2375.53
26.2531,-229.91,-699.14,2904.00,-460.12,-308.28,2358.42
26.2697,-236.77,-643.93,2925.00,-452.53,-311.59,2344.35
26.2864,-242.24,-599.82,2939.93,-440.65,-321.19,2333.85
26.3031,-247.57,-571.92,2945.84,-424.76,-338.81,2326.42
26.3198,-254.55,-562.12,2940.11,-406.58,-363.92,2320.56
26.3365,-265.00,-569.17,2920.98,-389.04,-393.11,2314.06
26.3531,-280.08,-589.63,2888.24,-375.57,-420.40,2304.85
26.3698,-299.90,-619.08,2843.44,-369.00,-438.67,2291.77
26.3865,-323.43,-653.21,2789.75,-370.54,-441.96,2275.25
26.4032,-348.74,-688.42,2731.31,-379.36,-427.78,2257.29
26.4199,-373.60,-721.98,2672.40,-392.92,-398.52,2240.85
26.4365,-395.98,-751.87,2616.77,-407.92,-361.31,2228.94
26.4532,-414.56,-776.45,2566.98,-421.41,-326.27,2223.71
26.4699,-428.91,-794.42,2524.27,-431.60,-303.60,2225.91
26.4866,-439.45,-804.88,2488.53,-438.10,-300.71,2234.88
26.5033,-447.13,-807.59,2458.62,-441.60,-320.09,2248.75
26.5199,-453.06,-803.15,2432.77,-443.29,-358.70,2264.99
26.5366,-458.20,-792.94,2409.00,-444.25,-408.97,2280.85
26.5533,-463.26,-778.91,2385.53,-445.15,-461.11,2293.94
26.5700,-468.83,-763.31,2361.01,-446.18,-505.97,2302.65
26.5867,-475.43,-748.32,2334.68,-447.17,-537.40,2306.42
26.6033,-483.67,-735.81,2306.49,-447.87,-553.49,2305.75
26.6200,-494.12,-727.05,2277.09,-448.08,-556.43,2301.88
26.6367,-507.01,-722.42,2247.81,-447.76,-551.11,2296.33
26.6534,-521.88,-721.18,2220.48,-447.01,-543.31,2290.51
26.6700,-537.19,-721.35,2197.02,-446.01,-537.86,2285.35
26.6867,-550.33,-719.87,2178.97,-444.92,-537.40,2281.23
26.7034,-557.88,-713.09,2166.96,-443.89,-541.67,2278.04
26.7201,-556.33,-697.48,2160.46,-442.99,-547.62,2275.38
26.7368,-543.00,-670.47,2157.85,-442.25,-550.16,2272.76
26.7534,-516.77,-631.11,2157.00,-441.67,-543.60,2269.77
26.7701,-478.59,-580.41,2155.85,-441.26,-523.37,2266.20
26.7868,-431.33,-521.23,2153.05,-441.02,-487.73,2262.04
26.8035,-379.25,-457.88,2148.13,-440.96,-438.80,2257.50
26.8202,-327.20,-395.37,2141.50,-441.06,-382.40,2252.89
26.8368,-279.80,-338.74,2134.08,-441.28,-326.52,2248.53
26.8535,-240.59,-292.17,2126.98,-441.56,-279.10,2244.72
26.8702,-211.53,-258.31,2121.18,-441.82,-245.73,2241.60
26.8869,-192.71,-237.83,2117.32,-441.97,-228.35,2239.20
26.9036,-182.54,-229.40,2115.62,-441.90,-225.33,2237.39
26.9202,-178.36,-230.24,2115.96,-441.53,-232.56,2236.01
26.9369,-177.21,-236.89,2117.97,-440.75,-245.14,2234.90
26.9536,-176.54,-246.09,2121.14,-439.46,-258.79,2234.03
26.9703,-174.69,-255.40,2124.95,-437.55,-270.73,2233.47
26.9870,-170.96,-263.40,2128.96,-434.95,-279.78,2233.47
27.0036,-165.41,-269.66,2132.85,-431.61,-286.06,2234.32
27.0203,-158.50,-274.42,2136.47,-427.52,-290.39,2236.34
27.0370,-150.83,-278.24,2139.83,-422.73,-293.70,2239.73
27.0537,-142.86,-281.71,2143.10,-417.27,-296.69,2244.54
27.0703,-134.86,-285.26,2146.54,-411.22,-299.71,2250.59
27.0870,-126.94,-289.05,2150.38,-404.61,-302.82,2257.51
27.1037,-119.09,-292.95,2154.81,-397.50,-305.91,2264.79
27.1204,-111.31,-296.66,2159.87,-389.95,-308.80,2271.94
27.1371,-103.63,-299.77,2165.46,-382.07,-311.33,2278.61
27.1537,-96.12,-301.91,2171.41,-374.06,-313.22,2284.81
27.1704,-88.93,-302.83,2177.55,-366.21,-314.05,2290.99
27.1871,-82.22,-302.50,2183.73,-358.90,-313.23,2297.99
27.2038,-76.11,-301.02,2189.87,-352.54,-310.11,2306.77
27.2205,-70.71,-298.63,2195.92,-347.45,-304.27,2317.90
27.2371,-66.11,-295.53,2201.75,-343.70,-295.97,2330.94
27.2538,-62.35,-291.87,2207.17,-340.99,-286.48,2343.94
27.2705,-59.49,-287.67,2211.91,-338.60,-278.24,2353.27
27.2872,-57.54,-282.84,2215.72,-335.48,-274.60,2354.11
27.3039,-56.46,-277.25,2218.44,-330.45,-279.04,2341.60
27.3205,-56.17,-270.80,2220.11,-322.59,-294.00,2312.48
27.3372,-56.50,-263.50,2220.98,-311.57,-319.76,2266.68
27.3539,-57.24,-255.47,2221.40,-297.85,-353.67,2208.27
27.3706,-58.15,-247.01,2221.76,-282.67,-390.22,2145.23
27.3873,-59.01,-238.54,2222.37,-267.75,-422.11,2088.10
27.4039,-59.64,-230.53,2223.40,-254.85,-442.09,2047.57
27.4206,-59.94,-223.44,2224.85,-245.31,-445.07,2031.98
27.4373,-59.88,-217.56,2226.65,-239.70,-429.86,2045.11
27.4540,-59.47,-212.85,2228.74,-237.84,-399.72,2085.00
27.4706,-58.67,-208.85,2231.16,-239.01,-361.66,2144.03
27.4873,-57.40,-204.66,2234.07,-242.21,-324.52,2210.33
27.5040,-55.56,-199.20,2237.70,-246.36,-296.60,2270.31
27.5207,-53.03,-191.63,2242.19,-250.35,-283.65,2311.74
27.5374,-49.87,-181.93,2247.36,-252.96,-287.61,2326.84
27.5540,-46.44,-171.47,2252.48,-253.06,-306.56,2314.22
27.5707,-43.52,-163.21,2256.15,-249.94,-335.60,2279.24
27.5874,-42.33,-161.48,2256.45,-243.83,-368.46,2232.22
27.6041,-44.35,-171.01,2251.26,-236.07,-399.19,2185.24
27.6208,-50.86,-195.68,2238.94,-228.64,-423.38,2148.42
27.6374,-62.52,-237.05,2218.83,-223.16,-438.71,2127.05
27.6541,-78.93,-293.52,2191.62,-219.90,-444.89,2120.49
27.6708,-98.41,-360.12,2159.19,-217.43,-443.22,2123.10
27.6875,-118.15,-429.40,2124.21,-213.30,-436.01,2126.85
27.7042,-134.71,-492.85,2089.48,-205.50,-426.13,2124.61
27.7208,-144.69,-542.70,2057.39,-193.85,-416.37,2112.69
27.7375,-145.60,-573.49,2029.52,-180.74,-408.91,2091.77
27.7542,-136.55,-583.01,2006.67,-170.72,-404.79,2066.06
27.7709,-118.50,-572.21,1988.99,-169.27,-403.72,2041.20
27.7876,-94.09,-544.35,1976.40,-180.99,-404.29,2021.72
27.8042,-67.02,-503.65,1968.76,-207.97,-404.69,2009.36
27.8209,-41.17,-454.33,1965.86,-248.65,-403.52,2002.67
27.8376,-19.75,-400.17,1967.11,-297.69,-400.31,1998.21
27.8543,-4.69,-344.76,1971.06,-346.99,-395.53,1992.40
27.8709,3.65,-291.77,1975.26,-387.65,-390.12,1983.24
27.8876,6.29,-244.99,1976.57,-412.48,-384.80,1970.96
27.9043,5.12,-207.71,1971.88,-418.15,-379.76,1957.28
27.9210,2.27,-181.94,1959.13,-406.22,-374.73,1944.00
27.9377,-0.52,-167.78,1937.94,-382.80,-369.25,1931.55
27.9543,-2.20,-163.42,1909.70,-356.63,-363.00,1918.52
27.9710,-2.48,-165.75,1877.08,-336.32,-355.85,1902.38
27.9877,-1.62,-171.31,1843.21,-327.72,-347.84,1880.95
28.0044,-0.16,-177.15,1810.88,-332.21,-339.07,1853.77
28.0211,1.32,-181.31,1782.02,-346.77,-329.74,1822.67
28.0377,2.41,-182.97,1757.54,-365.37,-320.13,1791.23
28.0544,2.95,-182.18,1737.45,-381.41,-310.61,1763.58
28.0711,2.93,-179.45,1721.20,-389.90,-301.56,1742.97
28.0878,2.51,-175.45,1708.00,-388.94,-293.25,1730.76
28.1045,1.85,-170.70,1697.15,-379.88,-285.68,1726.23
28.1211,1.09,-165.57,1688.19,-366.29,-278.56,1727.10
28.1378,0.33,-160.26,1680.91,-352.31,-271.54,1730.60
28.1545,-0.42,-154.91,1675.33,-341.13,-264.45,1734.40
28.1712,-1.16,-149.63,1671.55,-334.08,-257.56,1737.26
28.1879,-1.94,-144.48,1669.65,-330.64,-251.47,1739.02
28.2045,-2.79,-139.38,1669.58,-329.16,-246.82,1740.29
28.2212,-3.74,-134.06,1671.09,-327.64,-243.84,1742.00
28.2379,-4.83,-128.04,1673.78,-324.28,-242.09,1745.20
28.2546,-6.07,-120.84,1677.11,-317.51,-240.57,1751.05
28.2713,-7.47,-112.27,1680.56,-305.84,-238.09,1760.85
28.2879,-8.96,-102.74,1683.73,-287.94,-233.94,1775.78
28.3046,-10.41,-93.54,1686.56,-263.32,-228.25,1796.24
28.3213,-11.59,-86.94,1689.42,-233.24,-222.00,1821.08
28.3380,-12.21,-85.77,1693.20,-201.38,-216.57,1847.07
28.3546,-11.97,-92.74,1699.21,-173.42,-213.13,1869.33
28.3713,-10.65,-109.48,1709.03,-155.58,-212.23,1882.51
28.3880,-8.22,-135.77,1724.13,-152.64,-213.68,1882.53
28.4047,-4.89,-169.29,1745.58,-166.26,-216.83,1868.05
28.4214,-1.05,-206.10,1773.77,-194.36,-221.11,1841.29
28.4380,2.76,-241.77,1808.12,-231.60,-226.58,1807.85
28.4547,6.06,-272.68,1847.04,-270.80,-234.27,1775.58
28.4714,8.47,-297.01,1887.96,-304.74,-246.06,1752.82
28.4881,9.89,-314.96,1927.78,-327.82,-264.06,1746.38
28.5048,10.47,-328.32,1963.64,-337.28,-289.75,1759.68
28.5214,10.60,-339.41,1993.78,-333.56,-322.98,1791.75
28.5381,10.86,-350.05,2018.16,-319.82,-361.55,1837.42
28.5548,11.91,-361.00,2038.47,-300.75,-401.47,1888.78
28.5715,14.40,-371.99,2057.33,-281.15,-437.99,1937.38
28.5882,18.87,-382.22,2077.08,-264.79,-467.06,1976.53
28.6048,25.70,-391.15,2098.72,-253.71,-486.53,2002.88
28.6215,35.11,-398.93,2121.56,-248.19,-496.68,2016.73
28.6382,47.08,-406.38,2143.76,-247.20,-499.79,2021.27
28.6549,61.34,-414.56,2163.13,-249.06,-498.97,2020.90
28.6716,77.35,-424.00,2177.90,-252.11,-496.74,2019.40
28.6882,94.30,-434.01,2186.90,-255.13,-493.87,2018.62
28.7049,111.11,-442.41,2189.18,-257.48,-488.96,2017.95
28.7216,126.59,-445.67,2183.72,-259.03,-478.88,2014.83
28.7383,139.66,-439.81,2169.26,-259.96,-460.03,2005.90
28.7549,149.55,-421.49,2144.69,-260.57,-429.93,1988.56
28.7716,156.02,-389.27,2109.72,-261.05,-388.68,1962.11
28.7883,159.45,-344.24,2065.58,-261.46,-339.57,1928.36
28.8050,160.77,-290.08,2015.21,-261.72,-288.58,1891.18
28.8217,161.22,-232.26,1963.04,-261.66,-242.90,1855.34
28.8383,162.09,-176.85,1914.20,-261.13,-208.93,1825.10
28.8550,164.41,-129.16,1873.40,-260.07,-190.57,1803.04
28.8717,168.75,-92.63,1843.89,-258.54,-188.23,1789.59
28.8884,175.10,-68.24,1826.79,-256.73,-198.96,1783.37
28.9051,183.00,-54.60,1821.00,-254.94,-217.42,1781.99
28.9217,191.64,-48.67,1823.68,-253.44,-237.22,1783.11
28.9384,200.18,-46.79,1831.30,-252.43,-252.39,1785.09
28.9551,207.92,-45.73,1840.51,-251.93,-258.74,1787.27
28.9718,214.42,-43.26,1848.95,-251.72,-254.66,1789.76
28.9885,219.53,-38.43,1855.38,-251.47,-241.36,1792.93
29.0051,223.35,-31.30,1859.61,-250.86,-222.21,1796.97
29.0218,226.07,-22.56,1862.13,-249.83,-201.63,1801.59
29.0385,227.94,-13.09,1863.63,-248.68,-183.77,1806.03
29.0552,229.16,-3.66,1864.71,-248.08,-171.61,1809.19
29.0719,229.86,5.23,1865.73,-248.85,-166.57,1810.01
29.0885,230.11,13.33,1866.79,-251.62,-168.38,1807.89
29.1052,229.90,20.62,1867.82,-256.42,-175.23,1803.04
29.1219,229.22,27.16,1868.66,-262.43,-184.18,1796.66
29.1386,228.04,33.08,1869.16,-268.04,-191.87,1790.71
29.1552,226.31,38.51,1869.20,-271.32,-195.63,1787.25
29.1719,224.04,43.53,1868.74,-270.95,-194.46,1787.55
29.1886,221.27,48.23,1867.80,-266.93,-189.58,1791.37
29.2053,218.10,52.60,1866.48,-260.99,-183.94,1796.81
29.2220,214.70,56.63,1864.92,-256.08,-181.00,1800.93
29.2386,211.31,60.28,1863.33,-255.22,-183.33,1800.94
29.2553,208.19,63.52,1861.95,-260.21,-191.61,1795.38
29.2720,205.62,66.41,1860.98,-270.63,-204.51,1784.83
29.2887,203.80,69.07,1860.62,-283.62,-219.35,1772.00
29.3054,202.85,71.70,1860.92,-294.45,-233.02,1761.02
29.3220,202.75,74.50,1861.83,-297.76,-242.84,1756.40
29.3387,203.42,77.59,1863.17,-288.94,-246.95,1761.92
29.3554,204.69,80.92,1864.69,-265.26,-244.28,1779.80
29.3721,206.42,84.26,1866.13,-226.45,-234.33,1810.34
29.3888,208.49,87.18,1867.36,-174.57,-217.08,1852.04
29.4054,210.80,89.14,1868.40,-113.51,-193.13,1901.94
29.4221,213.26,89.70,1869.53,-48.20,-164.17,1956.13
29.4388,215.79,88.61,1871.30,16.06,-133.38,2010.16
29.4555,218.31,85.97,1874.47,74.26,-105.53,2059.50
29.4722,220.80,82.14,1879.94,122.31,-86.51,2100.09
29.4888,223.27,77.65,1888.58,157.73,-82.12,2128.98
29.5055,225.77,73.02,1901.00,180.20,-96.33,2145.02
29.5222,228.39,68.57,1917.37,191.65,-129.65,2149.24
29.5389,231.18,64.38,1937.40,195.72,-178.32,2144.63
29.5555,234.19,60.32,1960.37,196.69,-234.89,2135.41
29.5722,237.45,56.13,1985.42,198.07,-290.11,2125.91
29.5889,240.97,51.56,2011.81,201.61,-335.69,2119.62
29.6056,244.80,46.41,2039.15,206.70,-366.63,2118.61
29.6223,248.96,40.60,2067.37,210.56,-382.43,2123.54
29.6389,253.48,34.13,2096.69,209.02,-386.69,2134.02
29.6556,258.35,27.06,2127.40,197.80,-385.43,2149.14
29.6723,263.51,19.49,2159.70,173.87,-384.86,2167.78
29.6890,268.89,11.53,2193.60,136.71,-389.45,2188.70
29.7057,274.41,3.33,2228.94,88.84,-400.97,2210.36
29.7223,280.00,-4.94,2265.51,35.50,-418.51,2230.70
29.7390,285.61,-13.07,2303.05,-16.54,-439.38,2247.16
29.7557,291.21,-20.83,2341.41,-60.59,-460.36,2257.02
29.7724,296.80,-28.03,2380.48,-91.72,-478.88,2258.15
29.7891,302.37,-34.45,2420.21,-107.78,-493.70,2249.79
29.8057,307.91,-39.96,2460.53,-109.57,-505.07,2233.25
29.8224,313.41,-44.42,2501.31,-100.11,-514.27,2212.05
29.8391,318.82,-47.75,2542.29,-83.38,-522.93,2191.40
29.8558,324.09,-49.89,2583.08,-63.10,-532.27,2177.18
29.8725,329.12,-50.78,2623.21,-41.94,-542.67,2174.41
29.8891,333.84,-50.43,2662.17,-21.44,-553.61,2185.74
29.9058,338.21,-48.87,2699.56,-2.26,-564.00,2210.42
29.9225,342.20,-46.18,2735.19,15.43,-572.66,2244.12
29.9392,345.84,-42.46,2769.11,31.64,-578.83,2280.02
29.9558,349.20,-37.86,2801.60,46.58,-582.42,2310.72
29.9725,352.39,-32.52,2833.15,60.66,-584.02,2330.66
29.9892,355.48,-26.61,2864.29,74.33,-584.66,2337.88
30.0059,358.58,-20.33,2895.43,87.80,-585.42,2334.74
30.0226,361.69,-13.85,2926.74,100.65,-586.97,2327.14
30.0392,364.79,-7.35,2958.11,111.78,-589.36,2322.56
30.0559,367.81,-0.99,2989.18,119.85,-591.99,2327.64
30.0726,370.65,5.11,3019.45,124.10,-593.92,2346.09
30.0893,373.22,10.86,3048.39,124.98,-594.35,2377.63
30.1060,375.45,16.21,3075.55,124.30,-593.07,2418.32
30.1226,377.32,21.09,3100.53,124.48,-590.63,2462.09
30.1393,378.81,25.42,3123.00,127.53,-588.21,2502.86
30.1560,379.92,29.06,3142.70,134.23,-587.09,2536.37
30.1727,380.63,31.81,3159.38,144.09,-588.13,2561.24
30.1894,380.83,33.39,3172.90,155.95,-591.32,2578.93
30.2060,380.31,33.50,3183.12,168.78,-595.74,2592.96
30.2227,378.68,31.89,3189.91,182.16,-599.86,2607.52
30.2394,375.35,28.42,3193.01,195.99,-602.22,2625.92
30.2561,369.51,23.09,3192.01,209.82,-602.02,2649.21
30.2728,360.23,16.11,3186.26,222.25,-599.51,2675.42
30.2894,346.57,7.75,3174.98,230.85,-595.86,2699.73
30.3061,327.88,-1.66,3157.53,232.85,-592.64,2715.60
30.3228,304.13,-11.88,3133.79,226.20,-590.97,2716.72
30.3395,276.09,-22.77,3104.44,210.78,-590.98,2699.02
30.3562,245.35,-34.27,3071.05,188.79,-591.74,2662.09
30.3728,213.92,-46.37,3035.77,164.40,-591.88,2609.53
30.3895,183.71,-59.08,3000.76,142.49,-590.47,2548.02
30.4062,156.01,-72.38,2967.61,127.16,-587.59,2485.55
30.4229,131.18,-86.23,2936.96,120.47,-584.33,2429.38
30.4395,108.67,-100.55,2908.46,121.86,-582.17,2384.23
30.4562,87.37,-115.23,2881.13,128.32,-582.21,2351.24
30.4729,66.04,-130.06,2853.78,135.31,-584.74,2328.13
30.4896,43.73,-144.77,2825.49,138.09,-589.34,2310.47
30.5063,19.99,-159.04,2795.86,133.06,-595.38,2293.71
30.5229,-5.02,-172.53,2765.04,118.58,-602.45,2275.24
30.5396,-30.78,-185.00,2733.62,95.03,-610.45,2255.53
30.5563,-56.52,-196.29,2702.35,64.38,-619.36,2237.92
30.5730,-81.52,-206.39,2671.97,29.49,-628.95,2227.19
30.5897,-105.23,-215.39,2643.05,-6.26,-638.74,2227.62
30.6063,-127.30,-223.41,2615.99,-39.13,-647.89,2241.34
30.6230,-147.61,-230.55,2590.99,-65.24,-655.30,2267.58
30.6397,-166.16,-236.85,2568.14,-81.12,-659.56,2302.89
30.6564,-183.03,-242.20,2547.46,-84.76,-659.24,2342.15
30.6731,-198.33,-246.41,2528.95,-76.65,-653.32,2379.84
30.6897,-212.21,-249.23,2512.53,-60.11,-641.79,2411.21
30.7064,-224.81,-250.43,2498.07,-40.80,-626.13,2433.15
30.7231,-236.27,-249.89,2485.36,-25.22,-609.23,2444.57
30.7398,-246.76,-247.72,2474.16,-19.10,-594.62,2446.39
30.7565,-256.44,-244.24,2464.17,-25.80,-585.08,2441.18
30.7731,-265.47,-239.98,2455.11,-45.61,-581.34,2432.49
30.7898,-273.99,-235.55,2446.68,-75.63,-581.61,2424.20
30.8065,-282.17,-231.50,2438.65,-110.51,-582.17,2419.92
30.8232,-290.17,-228.14,2430.82,-143.78,-579.10,2422.36
30.8398,-298.18,-225.40,2423.05,-169.42,-570.11,2432.95
30.8565,-306.34,-222.79,2415.28,-183.46,-555.84,2451.51
30.8732,-314.73,-219.54,2407.48,-184.91,-539.89,2476.40
30.8899,-323.36,-214.83,2399.69,-175.71,-527.39,2504.99
30.9066,-332.12,-208.27,2391.94,-159.81,-522.83,2534.45
30.9232,-340.76,-200.37,2384.24,-141.67,-527.87,2562.64
30.9399,-348.90,-192.86,2376.53,-124.88,-540.39,2588.56
30.9566,-356.08,-188.72,2368.70,-111.46,-555.12,2612.27
30.9733,-361.84,-191.67,2360.60,-101.81,-565.77,2634.40
30.9900,-365.83,-205.17,2352.05,-95.06,-567.62,2655.58
31.0066,-367.92,-231.28,2342.92,-89.48,-559.42,2676.10
31.0233,-368.27,-269.57,2333.04,-82.65,-543.74,2696.04
31.0400,-367.31,-316.83,2322.23,-71.67,-525.70,2715.57
31.0567,-365.59,-367.58,2310.25,-53.63,-510.71,2735.05
31.0734,-363.67,-415.37,2296.78,-26.60,-502.49,2754.65
31.0900,-361.93,-454.34,2281.56,9.14,-502.00,2773.61
31.1067,-360.52,-480.57,2264.52,50.12,-507.84,2789.71
31.1234,-359.39,-492.63,2245.92,89.90,-517.42,2799.39
31.1401,-358.33,-491.49,2226.39,120.40,-528.30,2798.80
31.1568,-357.11,-479.87,2206.85,134.23,-539.01,2785.02
31.1734,-355.58,-461.46,2188.21,126.94,-549.14,2757.17
31.1901,-353.70,-440.32,2171.18,98.45,-558.96,2716.65
31.2068,-351.55,-420.48,2156.03,53.00,-568.94,2666.78
31.2235,-349.28,-405.52,2142.68,-2.07,-579.44,2611.82
31.2401,-347.09,-398.06,2130.85,-58.28,-590.68,2556.07
31.2568,-345.16,-398.95,2120.47,-108.09,-602.76,2503.16
31.2735,-343.67,-406.57,2111.90,-146.46,-615.57,2455.74
31.2902,-342.76,-416.71,2105.85,-171.60,-628.43,2415.54
31.3069,-342.49,-423.41,2102.87,-184.93,-639.71,2383.52
31.3235,-342.82,-420.58,2102.69,-190.17,-646.76,2360.15
31.3402,-343.59,-403.96,2103.70,-192.02,-646.36,2345.50
31.3569,-344.43,-372.56,2103.00,-194.75,-635.80,2339.34
31.3736,-344.91,-329.23,2097.19,-201.06,-614.03,2341.08
31.3903,-344.55,-279.90,2083.52,-211.69,-582.26,2349.82
31.4069,-342.96,-231.84,2060.93,-225.50,-543.89,2364.20
31.4236,-339.95,-191.64,2030.37,-240.24,-503.57,2382.17
31.4403,-335.57,-163.51,1994.28,-253.40,-466.08,2400.71
31.4570,-330.05,-148.49,1955.67,-263.19,-435.14,2415.56
31.4737,-323.76,-144.76,1917.21,-269.06,-412.74,2421.52
31.4903,-317.09,-148.71,1880.68,-271.75,-398.92,2413.36
31.5070,-310.40,-156.27,1846.84,-272.83,-392.15,2387.24
31.5237,-303.97,-164.06,1815.68,-273.90,-390.08,2342.16
31.5404,-297.97,-169.94,1786.83,-275.86,-390.25,2280.83
31.5571,-292.52,-173.11,1759.94,-278.63,-390.69,2209.32
31.5737,-287.67,-173.74,1734.84,-281.29,-390.16,2135.73
31.5904,-283.43,-172.58,1711.65,-282.62,-388.13,2068.14
31.6071,-279.84,-170.45,1690.73,-281.74,-384.57,2012.71
31.6238,-276.88,-168.00,1672.49,-278.52,-379.69,1972.37
31.6404,-274.55,-165.62,1657.34,-273.70,-373.71,1946.64
31.6571,-272.84,-163.43,1645.48,-268.55,-366.70,1932.46
31.6738,-271.71,-161.38,1636.90,-264.39,-358.56,1925.61
31.6905,-271.12,-159.36,1631.37,-262.03,-349.06,1922.20
31.7072,-271.00,-157.23,1628.39,-261.59,-338.08,1919.62
31.7238,-271.31,-154.89,1627.33,-262.52,-325.91,1916.72
31.7405,-271.94,-152.27,1627.55,-263.98,-313.70,1913.43
31.7572,-272.80,-149.32,1628.45,-265.10,-303.74,1910.13
31.7739,-273.76,-146.06,1629.64,-265.04,-299.32,1907.17
31.7906,-274.70,-142.54,1631.00,-263.04,-303.98,1904.71
31.8072,-275.52,-138.85,1632.60,-258.42,-320.40,1902.76
31.8239,-276.16,-135.14,1634.70,-250.95,-349.18,1901.12
31.8406,-276.68,-131.55,1637.53,-241.17,-388.28,1899.41
31.8573,-277.25,-128.25,1641.17,-230.51,-433.30,1897.07
31.8740,-278.13,-125.35,1645.41,-220.99,-478.49,1893.58
31.8906,-279.60,-122.88,1649.72,-214.63,-518.12,1888.73
31.9073,-281.82,-120.75,1653.43,-212.85,-547.40,1882.83
31.9240,-284.67,-118.77,1655.95,-216.12,-562.93,1876.76
31.9407,-287.68,-116.54,1657.09,-223.91,-562.74,1871.72
31.9574,-290.00,-113.58,1657.20,-235.03,-546.39,1868.78
31.9740,-290.58,-109.37,1657.15,-247.97,-515.23,1868.52
31.9907,-288.61,-103.60,1657.98,-261.25,-472.63,1870.83
32.0074,-283.98,-96.43,1660.33,-273.62,-423.70,1874.99
32.0241,-277.77,-88.85,1663.92,-284.19,-374.27,1879.99
32.0408,-272.45,-82.76,1667.21,-292.56,-329.57,1884.86
32.0574,-271.55,-80.80,1667.55,-298.77,-293.00,1888.89
32.0741,-278.76,-85.70,1662.01,-303.23,-265.77,1891.76
32.0908,-296.46,-99.26,1648.46,-306.46,-247.33,1893.42
32.1075,-324.34,-121.26,1626.87,-308.89,-236.26,1894.04
32.1241,-358.60,-148.82,1599.95,-310.60,-231.07,1893.94
32.1408,-392.28,-176.64,1572.94,-311.33,-230.53,1893.55
32.1575,-417.08,-198.33,1552.26,-310.58,-233.59,1893.40
32.1742,-425.85,-208.39,1543.55,-307.86,-239.03,1894.11
32.1909,-415.09,-204.07,1549.76,-302.90,-245.40,1896.20
32.2075,-386.06,-186.36,1570.14,-295.89,-251.19,1899.95
32.2242,-344.39,-159.60,1600.55,-287.40,-255.21,1905.25
32.2409,-298.06,-129.97,1634.94,-278.17,-256.86,1911.76
32.2576,-254.90,-103.52,1667.20,-268.78,-256.21,1919.09
32.2743,-220.38,-84.47,1692.93,-259.51,-253.88,1926.89
32.2909,-196.59,-74.40,1710.23,-250.45,-250.75,1934.88
32.3076,-182.39,-72.40,1719.72,-241.67,-247.89,1942.63
32.3243,-174.57,-75.95,1723.74,-233.43,-246.43,1949.60
32.3410,-169.25,-82.03,1725.29,-226.13,-247.40,1955.10
32.3577,-163.15,-88.03,1727.09,-220.14,-251.54,1958.60
32.3743,-154.24,-92.24,1730.93,-215.59,-258.94,1959.94
32.3910,-141.83,-93.94,1737.60,-212.20,-268.88,1959.59
32.4077,-126.32,-93.18,1746.95,-209.12,-279.88,1958.66
32.4244,-108.67,-90.49,1758.32,-205.14,-289.90,1958.73
32.4411,-89.95,-86.52,1770.86,-199.01,-296.80,1961.43
32.4577,-71.06,-81.84,1783.80,-189.96,-298.63,1967.94
32.4744,-52.58,-76.81,1796.58,-177.97,-294.12,1978.63
32.4911,-34.82,-71.59,1808.90,-163.82,-283.04,1992.95
32.5078,-17.90,-66.16,1820.60,-148.78,-266.52,2009.56
32.5244,-1.84,-60.42,1831.66,-134.19,-247.10,2026.66
32.5411,13.34,-54.30,1842.06,-121.32,-228.29,2042.25
32.5578,27.58,-47.78,1851.82,-111.34,-213.78,2054.33
32.5745,40.84,-40.95,1860.97,-105.44,-206.50,2061.11
32.5912,53.01,-34.04,1869.56,-104.76,-207.70,2061.34
32.6078,64.04,-27.32,1877.65,-109.91,-216.52,2054.75
32.6245,73.82,-21.09,1885.33,-120.32,-230.02,2042.62
32.6412,82.28,-15.58,1892.58,-133.80,-243.78,2027.91
32.6579,89.31,-10.86,1899.31,-146.66,-253.01,2014.88
32.6746,94.84,-6.80,1905.29,-154.70,-253.94,2007.95
32.6912,98.89,-3.08,1910.24,-154.60,-245.03,2010.21
32.7079,101.59,0.74,1913.90,-145.21,-227.69,2022.22
32.7246,103.26,5.04,1916.20,-127.98,-205.84,2041.80
32.7413,104.38,10.03,1917.35,-106.47,-184.52,2064.77
32.7580,105.55,15.64,1917.85,-84.90,-167.95,2086.60
32.7746,107.39,21.49,1918.31,-66.73,-157.94,2104.04
32.7913,110.35,27.01,1919.33,-53.57,-153.33,2116.07
32.8080,114.61,31.57,1921.31,-45.04,-150.95,2123.84
32.8247,120.07,34.58,1924.38,-39.38,-147.34,2129.75
32.8414,126.31,35.66,1928.50,-34.46,-140.68,2136.10
32.8580,132.81,34.67,1933.52,-28.77,-131.63,2144.15
32.8747,139.00,31.72,1939.38,-21.95,-123.13,2153.67
32.8914,144.45,27.14,1946.13,-14.71,-119.05,2163.45
32.9081,148.90,21.42,1954.01,-8.18,-122.44,2172.20
32.9247,152.33,15.13,1963.31,-3.24,-134.21,2179.48
32.9414,154.86,8.84,1974.33,0.12,-152.57,2186.26
32.9581,156.73,3.04,1987.17,2.84,-173.56,2194.78
32.9748,158.20,-1.94,2001.76,6.49,-192.44,2207.79
32.9915,159.49,-5.94,2017.78,12.58,-205.49,2227.42
33.0081,160.77,-9.01,2034.82,21.79,-211.31,2254.21
33.0248,162.13,-11.32,2052.45,33.65,-211.14,2286.82
33.0415,163.65,-13.16,2070.39,46.63,-207.91,2322.49
33.0582,165.35,-14.83,2088.51,58.62,-204.67,2357.96
33.0749,167.22,-16.59,2106.87,67.41,-203.30,2390.30
33.0915,169.26,-18.67,2125.63,70.92,-204.29,2417.12
33.1082,171.43,-21.17,2144.92,67.22,-207.41,2436.40
33.1249,173.66,-24.07,2164.82,54.58,-212.58,2446.22
33.1416,175.88,-27.27,2185.27,31.67,-220.26,2445.00
33.1583,178.03,-30.61,2206.17,-1.80,-231.17,2432.07
33.1749,180.09,-33.90,2227.35,-44.66,-245.72,2408.36
33.1916,182.06,-37.00,2248.64,-94.04,-263.51,2376.75
33.2083,183.95,-39.78,2269.90,-145.69,-283.30,2341.72
33.2250,185.81,-42.20,2291.02,-194.66,-303.19,2308.63
33.2417,187.65,-44.24,2311.94,-236.28,-321.18,2282.60
33.2583,189.50,-45.96,2332.61,-267.11,-335.67,2267.43
33.2750,191.34,-47.41,2353.01,-285.52,-345.87,2264.93
33.2917,193.14,-48.69,2373.14,-291.81,-351.94,2274.82
33.3084,194.88,-49.81,2392.95,-287.75,-354.81,2295.17
33.3250,196.52,-50.77,2412.37,-275.90,-355.88,2323.16
33.3417,198.06,-51.48,2431.23,-258.94,-356.62,2355.79
33.3584,199.45,-51.81,2449.27,-239.32,-358.22,2390.35
33.3751,200.70,-51.63,2466.16,-219.17,-361.44,2424.47
33.3918,201.78,-50.84,2481.58,-200.35,-366.49,2456.13
33.4084,202.68,-49.41,2495.33,-184.53,-373.11,2483.58
33.4251,203.40,-47.42,2507.33,-172.98,-380.62,2505.49
33.4418,203.95,-45.03,2517.68,-166.39,-388.10,2521.12
33.4585,204.33,-42.42,2526.53,-164.65,-394.49,2530.61
33.4752,204.55,-39.76,2534.09,-166.81,-398.75,2535.02
33.4918,204.65,-37.17,2540.51,-171.32,-400.10,2536.12
33.5085,204.65,-34.70,2545.89,-176.36,-398.21,2535.95
33.5252,204.58,-32.34,2550.24,-180.26,-393.39,2536.35
33.5419,204.46,-30.08,2553.56,-181.74,-386.40,2538.67
33.5586,204.30,-27.90,2555.78,-179.97,-378.29,2543.72
33.5752,204.07,-25.87,2556.89,-174.53,-370.00,2551.92
33.5919,203.73,-24.16,2556.90,-165.44,-362.23,2563.30
33.6086,203.22,-23.07,2555.89,-153.20,-355.42,2577.46
33.6253,202.46,-22.99,2554.03,-138.97,-349.88,2593.28
33.6420,201.42,-24.34,2551.50,-124.62,-345.78,2608.83
33.6586,200.06,-27.37,2548.45,-112.41,-342.98,2621.78
33.6753,198.38,-32.12,2544.95,-104.34,-341.00,2630.08
33.6920,196.34,-38.36,2541.00,-101.35,-339.00,2632.98
33.7087,193.87,-45.66,2536.59,-102.70,-336.12,2631.54
33.7253,190.84,-53.51,2531.73,-106.02,-331.88,2628.52
33.7420,187.02,-61.47,2526.42,-108.19,-326.41,2627.36
33.7587,182.17,-69.23,2520.63,-106.63,-320.47,2630.70
33.7754,176.06,-76.67,2514.23,-100.51,-315.11,2639.09
33.7921,168.55,-83.75,2506.98,-91.39,-311.46,2650.39
33.8087,159.62,-90.47,2498.59,-82.73,-310.43,2660.40
33.8254,149.41,-96.78,2488.82,-78.59,-312.71,2664.27
33.8421,138.20,-102.66,2477.61,-81.95,-318.80,2658.42
33.8588,126.38,-108.13,2465.16,-93.35,-329.01,2642.08
33.8755,114.37,-113.25,2451.96,-110.46,-343.34,2617.82
33.8921,102.55,-118.17,2438.59,-128.73,-361.22,2590.92
33.9088,91.19,-123.08,2425.64,-143.00,-381.43,2567.58
33.9255,80.36,-128.09,2413.45,-149.31,-402.30,2552.85
33.9422,69.95,-133.25,2402.07,-146.03,-422.21,2549.12
33.9589,59.73,-138.50,2391.34,-134.20,-440.11,2555.61
33.9755,49.47,-143.74,2380.97,-116.65,-455.74,2569.21
33.9922,38.99,-148.80,2370.67,-96.81,-469.46,2585.96
34.0089,28.26,-153.56,2360.31,-77.58,-481.82,2602.43
34.0256,17.40,-157.90,2349.91,-60.83,-493.11,2616.50
34.0423,6.69,-161.78,2339.66,-47.45,-503.06,2627.31
34.0589,-3.54,-165.17,2329.82,-37.81,-510.96,2634.84
34.0756,-12.97,-168.11,2320.67,-31.91,-515.98,2639.42
34.0923,-21.37,-170.61,2312.41,-29.49,-517.60,2641.60
34.1090,-28.65,-172.69,2305.16,-29.71,-516.12,2642.15
34.1257,-34.88,-174.34,2298.90,-31.19,-512.68,2642.11
34.1423,-40.21,-175.55,2293.54,-32.32,-508.98,2642.53
34.1590,-44.86,-176.31,2288.95,-32.01,-506.59,2643.92
34.1757,-49.03,-176.61,2284.98,-30.55,-506.14,2645.68
34.1924,-52.85,-176.45,2281.54,-29.91,-506.91,2645.91
34.2090,-56.40,-175.86,2278.52,-33.16,-507.12,2641.92
34.2257,-59.70,-174.88,2275.88,-43.25,-504.69,2631.33
34.2424,-62.71,-173.54,2273.61,-61.48,-498.36,2613.24
34.2591,-65.41,-171.91,2271.68,-86.69,-488.40,2588.87
34.2758,-67.76,-170.03,2270.09,-115.45,-476.65,2561.32
34.2924,-69.76,-167.98,2268.83,-143.27,-465.80,2534.53
34.3091,-71.41,-165.81,2267.90,-166.27,-458.27,2511.83
34.3258,-72.75,-163.58,2267.31,-182.48,-455.25,2494.92
34.3425,-73.79,-161.33,2267.05,-192.16,-456.35,2483.62
34.3592,-74.56,-159.12,2267.11,-197.22,-460.00,2476.46
34.3758,-75.03,-156.98,2267.47,-200.03,-464.28,2471.54
34.3925,-75.15,-154.98,2268.14,-202.53,-467.63,2467.36
34.4092,-74.85,-153.19,2269.14,-205.74,-469.24,2463.17
34.4259,-74.10,-151.73,2270.49,-209.77,-469.02,2458.92
34.4426,-72.92,-150.69,2272.24,-214.12,-467.38,2455.06
34.4592,-71.41,-150.18,2274.41,-218.07,-464.90,2452.25
34.4759,-69.76,-150.22,2277.05,-221.01,-462.20,2450.99
34.4926,-68.16,-150.78,2280.16,-222.74,-459.82,2451.41
34.5093,-66.79,-151.69,2283.80,-223.60,-458.27,2453.10
34.5260,-65.80,-152.73,2288.03,-224.40,-458.02,2455.25
34.5426,-65.23,-153.63,2292.97,-226.20,-459.46,2456.89
34.5593,-65.07,-154.23,2298.80,-229.98,-462.70,2457.35
34.5760,-65.24,-154.51,2305.71,-236.23,-467.28,2456.70
34.5927,-65.61,-154.60,2313.91,-244.69,-472.01,2456.07
34.6093,-66.08,-154.72,2323.53,-254.25,-474.89,2457.56
34.6260,-66.57,-155.05,2334.57,-263.16,-473.49,2463.80
34.6427,-67.04,-155.64,2346.84,-269.62,-465.54,2477.07
34.6594,-67.50,-156.39,2360.05,-272.52,-449.83,2498.24
34.6761,-68.02,-157.09,2373.84,-272.12,-427.00,2525.87
34.6927,-68.62,-157.51,2387.89,-270.33,-399.72,2555.98
34.7094,-69.34,-157.54,2401.97,-270.30,-372.25,2582.79
34.7261,-70.16,-157.22,2415.98,-275.29,-349.27,2600.39
34.7428,-71.02,-156.69,2429.84,-287.37,-334.56,2604.77
34.7595,-71.85,-156.12,2443.48,-306.34,-330.26,2595.28
34.7761,-72.61,-155.62,2456.75,-329.47,-336.83,2574.93
34.7928,-73.27,-155.14,2469.46,-352.25,-353.66,2549.33
34.8095,-73.82,-154.55,2481.42,-369.82,-379.61,2524.91
34.8262,-74.31,-153.68,2492.52,-378.58,-413.32,2506.95
34.8429,-74.78,-152.43,2502.72,-377.25,-452.98,2498.40
34.8595,-75.26,-150.77,2512.05,-367.13,-496.12,2499.57
34.8762,-75.80,-148.72,2520.50,-351.31,-539.52,2508.75
34.8929,-76.41,-146.32,2527.99,-333.42,-579.54,2523.34
34.9096,-77.09,-143.59,2534.33,-316.38,-612.50,2540.92
34.9263,-77.85,-140.54,2539.28,-301.80,-635.02,2559.97
34.9429,-78.62,-137.24,2542.71,-290.07,-644.21,2579.97
34.9596,-79.38,-133.82,2544.63,-280.89,-637.88,2601.09
34.9763,-80.05,-130.43,2545.22,-273.92,-615.07,2623.62
34.9930,-80.62,-127.18,2544.74,-269.10,-576.65,2647.45
35.0096,-81.09,-124.14,2543.50,-266.64,-525.90,2671.70
35.0263,-81.48,-121.31,2541.81,-266.91,-468.46,2694.50
35.0430,-81.81,-118.74,2540.04,-270.46,-411.36,2712.96
35.0597,-82.09,-116.57,2538.60,-278.24,-361.46,2723.44
35.0764,-82.30,-115.01,2537.93,-291.61,-323.63,2722.10
35.0930,-82.42,-114.25,2538.37,-312.18,-299.59,2705.95
35.1097,-82.43,-114.33,2539.99,-341.00,-287.90,2673.92
35.1264,-82.32,-115.09,2542.50,-377.62,-284.97,2627.89
35.1431,-82.15,-116.18,2545.27,-419.29,-286.76,2573.06
35.1598,-81.97,-117.14,2547.48,-460.83,-290.22,2517.53
35.1764,-81.86,-117.59,2548.39,-495.42,-293.99,2470.89
35.1931,-81.89,-117.34,2547.54,-516.29,-298.16,2442.06
35.2098,-82.12,-116.51,2544.91,-518.75,-303.44,2436.96
35.2265,-82.60,-115.50,2540.95,-501.86,-310.12,2456.69
35.2432,-83.40,-114.86,2536.29,-469.06,-317.47,2496.99
35.2598,-84.60,-115.15,2531.55,-427.30,-323.80,2549.33
35.2765,-86.33,-116.78,2527.06,-385.06,-327.17,2603.30
35.2932,-88.76,-119.87,2522.79,-349.83,-326.40,2649.56
35.3099,-92.07,-124.24,2518.36,-326.00,-321.83,2682.23
35.3266,-96.49,-129.46,2513.23,-314.01,-315.44,2700.07
35.3432,-102.21,-134.94,2506.86,-311.01,-310.03,2705.84
35.3599,-109.36,-140.11,2498.84,-312.61,-308.00,2704.52
35.3766,-118.02,-144.51,2489.03,-315.06,-310.14,2700.85
35.3933,-128.13,-147.95,2477.57,-316.75,-315.14,2697.47
35.4099,-139.52,-150.48,2464.83,-318.61,-320.03,2694.23
35.4266,-151.95,-152.35,2451.32,-323.38,-321.14,2688.71
35.4433,-165.09,-153.88,2437.49,-334.18,-315.33,2677.66
35.4600,-178.69,-155.37,2423.66,-353.11,-300.97,2658.63
35.4767,-192.52,-157.05,2409.92,-380.28,-278.57,2631.02
35.4933,-206.45,-159.02,2396.17,-413.72,-250.78,2596.42
35.5100,-220.41,-161.32,2382.27,-450.01,-221.69,2558.00
35.5267,-234.33,-163.89,2368.17,-485.34,-195.64,2519.49
35.5434,-248.09,-166.49,2354.01,-516.59,-175.93,2484.12
35.5601,-261.48,-168.66,2340.07,-542.00,-163.96,2453.95
35.5767,-274.21,-169.70,2326.70,-561.27,-159.14,2429.67
35.5934,-285.93,-168.80,2314.15,-575.26,-159.39,2410.86
35.6101,-296.36,-165.44,2302.57,-585.39,-162.08,2396.50
35.6268,-305.42,-159.89,2292.03,-593.11,-164.84,2385.41
35.6435,-313.28,-153.69,2282.60,-599.53,-166.14,2376.64
35.6601,-320.42,-149.77,2274.31,-605.23,-165.42,2369.58
35.6768,-327.62,-152.22,2267.21,-610.38,-162.98,2363.90
35.6935,-335.72,-165.39,2261.25,-614.84,-159.65,2359.42
35.7102,-345.52,-192.80,2256.29,-618.33,-156.44,2355.91
35.7269,-357.49,-236.02,2252.08,-620.59,-154.29,2352.99
35.7435,-371.66,-294.02,2248.31,-621.48,-153.87,2350.08
35.7602,-387.55,-363.29,2244.73,-620.99,-155.49,2346.56
35.7769,-404.30,-438.57,2241.21,-619.24,-159.14,2341.83
35.7936,-420.79,-513.96,2237.79,-616.46,-164.48,2335.56
35.8103,-435.90,-584.03,2234.72,-612.92,-171.01,2327.65
35.8269,-448.67,-644.69,2232.30,-608.92,-178.15,2318.32
35.8436,-458.49,-693.61,2230.78,-604.75,-185.37,2307.95
35.8603,-465.09,-730.07,2230.20,-600.58,-192.33,2296.98
35.8770,-468.44,-754.20,2230.22,-596.54,-198.91,2285.79
35.8936,-468.53,-766.11,2230.11,-592.66,-205.18,2274.67
35.9103,-465.18,-765.07,2228.86,-588.92,-211.30,2263.77
35.9270,-458.05,-749.50,2225.37,-585.28,-217.46,2253.04
35.9437,-446.79,-717.70,2218.71,-581.67,-223.82,2242.29
35.9604,-431.30,-669.12,2208.44,-578.03,-230.51,2231.19
35.9770,-412.05,-605.49,2194.63,-574.29,-237.59,2219.44
35.9937,-390.15,-531.30,2177.90,-570.45,-245.11,2206.93
36.0104,-367.25,-453.37,2159.26,-566.56,-253.05,2193.87
36.0271,-345.30,-379.63,2139.85,-562.75,-261.31,2180.80
36.0438,-326.08,-317.48,2120.80,-559.16,-269.67,2168.49
36.0604,-310.86,-272.14,2102.99,-555.97,-277.91,2157.75
36.0771,-300.17,-245.59,2086.98,-553.30,-285.86,2149.16
36.0938,-293.70,-236.41,2072.96,-551.21,-293.57,2142.81
36.1105,-290.53,-240.54,2060.79,-549.68,-301.53,2138.17
36.1272,-289.47,-252.67,2050.16,-548.58,-310.58,2134.05
36.1438,-289.37,-267.77,2040.74,-547.68,-321.82,2128.89
36.1605,-289.40,-282.10,2032.34,-546.78,-336.16,2121.17
36.1772,-289.12,-293.66,2024.94,-545.72,-353.94,2110.02
36.1939,-288.47,-301.99,2018.59,-544.44,-374.46,2095.63
36.2106,-287.56,-307.64,2013.40,-543.05,-396.06,2079.39
36.2272,-286.64,-311.56,2009.37,-541.72,-416.43,2063.46
36.2439,-285.89,-314.60,2006.49,-540.66,-433.34,2050.13
36.2606,-285.43,-317.29,2004.73,-540.06,-445.35,2041.11
36.2773,-285.31,-319.78,2004.17,-540.02,-452.17,2037.17
36.2939,-285.51,-321.95,2004.92,-540.58,-454.59,2038.12
36.3106,-285.98,-323.57,2007.13,-541.70,-454.09,2043.11
36.3273,-286.66,-324.40,2010.87,-543.32,-452.27,2050.91
36.3440,-287.50,-324.30,2016.11,-545.27,-450.46,2060.12
36.3607,-288.46,-323.24,2022.74,-547.24,-449.41,2069.17
36.3773,-289.53,-321.29,2030.58,-548.85,-449.26,2076.38
36.3940,-290.69,-318.60,2039.46,-549.61,-449.64,2080.17
36.4107,-291.94,-315.29,2049.22,-549.17,-449.86,2079.53
36.4274,-293.27,-311.48,2059.75,-547.43,-449.10,2074.57
36.4441,-294.69,-307.20,2070.99,-544.77,-446.56,2067.15
36.4607,-296.22,-302.50,2082.93,-542.07,-441.55,2060.86
36.4774,-297.86,-297.39,2095.54,-540.54,-433.58,2060.44
36.4941,-299.65,-291.90,2108.81,-541.41,-422.48,2070.38
36.5108,-301.60,-286.09,2122.72,-545.46,-408.48,2093.34
36.5275,-303.68,-280.05,2137.24,-552.73,-392.33,2128.99
36.5441,-305.82,-273.86,2152.38,-562.44,-375.34,2173.83
36.5608,-307.87,-267.59,2168.17,-573.14,-359.15,2222.18
36.5775,-309.60,-261.31,2184.63,-583.19,-345.42,2268.03
36.5942,-310.75,-255.14,2201.77,-591.22,-335.40,2306.76
36.6109,-311.08,-249.22,2219.52,-596.43,-329.58,2336.22
36.6275,-310.48,-243.81,2237.63,-598.79,-327.63,2356.78
36.6442,-308.96,-239.19,2255.71,-598.95,-328.53,2370.47
36.6609,-306.70,-235.71,2273.20,-597.99,-330.92,2379.83
36.6776,-304.01,-233.62,2289.51,-597.16,-333.48,2386.89
36.6942,-301.23,-233.08,2304.15,-597.55,-335.20,2392.72
36.7109,-298.71,-234.12,2316.81,-599.79,-335.64,2397.51
36.7276,-296.70,-236.65,2327.42,-603.84,-334.93,2401.15
36.7443,-295.34,-240.52,2336.12,-608.83,-333.78,2403.78
36.7610,-294.67,-245.60,2343.12,-613.15,-333.36,2406.29
36.7776,-294.64,-251.73,2348.57,-614.75,-335.10,2410.19
36.7943,-295.20,-258.78,2352.43,-611.69,-340.39,2417.18
36.8110,-296.29,-266.59,2354.52,-602.91,-350.25,2428.25
36.8277,-297.89,-274.99,2354.57,-588.83,-364.98,2442.88
36.8444,-300.06,-283.84,2352.44,-571.55,-383.99,2458.79
36.8610,-302.88,-293.06,2348.21,-554.46,-405.83,2472.39
36.8777,-306.47,-302.63,2342.21,-541.12,-428.65,2480.00
36.8944,-310.93,-312.57,2334.86,-534.08,-450.63,2479.31
36.9111,-316.31,-322.88,2326.59,-533.96,-470.44,2470.33
36.9278,-322.57,-333.53,2317.66,-539.32,-487.41,2455.55
36.9444,-329.59,-344.45,2308.13,-547.21,-501.38,2439.06
36.9611,-337.16,-355.49,2297.88,-554.28,-512.59,2425.17
36.9778,-345.06,-366.44,2286.66,-557.84,-521.45,2417.05
36.9945,-353.05,-377.07,2274.31,-556.70,-528.41,2415.65
37.0112,-360.93,-387.15,2260.81,-551.61,-533.85,2419.28
37.0278,-368.50,-396.46,2246.35,-545.20,-537.90,2423.84
37.0445,-375.60,-404.81,2231.31,-541.30,-540.48,2423.83
37.0612,-382.04,-412.08,2216.19,-543.71,-541.31,2414.05
37.0779,-387.69,-418.22,2201.49,-554.80,-540.15,2391.44
37.0945,-392.42,-423.25,2187.62,-574.30,-537.09,2356.60
37.1112,-396.17,-427.20,2174.77,-598.91,-532.75,2314.16
37.1279,-398.95,-430.07,2162.90,-622.97,-528.18,2271.73
37.1446,-400.83,-431.86,2151.79,-640.21,-524.71,2237.62
37.1613,-401.88,-432.60,2141.15,-645.75,-523.46,2218.10
37.1779,-402.23,-432.33,2130.80,-637.87,-525.07,2215.27
37.1946,-401.98,-431.15,2120.69,-618.53,-529.51,2226.32
37.2113,-401.21,-429.17,2110.92,-592.70,-536.14,2244.56
37.2280,-400.00,-426.41,2101.63,-566.57,-543.92,2261.79
37.2447,-398.40,-422.84,2092.95,-545.55,-551.51,2271.04
37.2613,-396.45,-418.43,2085.03,-532.80,-557.42,2268.80
37.2780,-394.17,-413.20,2078.01,-528.71,-559.94,2255.77
37.2947,-391.60,-407.31,2072.18,-531.51,-557.31,2236.22
37.3114,-388.79,-401.11,2067.85,-538.41,-547.97,2216.05
37.3281,-385.77,-394.98,2065.35,-546.87,-531.17,2200.46
37.3447,-382.59,-389.30,2064.86,-555.32,-507.58,2191.94
37.3614,-379.26,-384.15,2066.20,-563.16,-479.60,2189.31
37.3781,-375.76,-379.28,2068.83,-570.14,-451.19,2188.03
37.3948,-372.06,-374.08,2071.86,-575.75,-426.87,2181.73
37.4115,-368.08,-367.72,2074.32,-578.79,-410.39,2164.33
37.4281,-363.82,-359.53,2075.53,-577.72,-403.69,2132.12
37.4448,-359.34,-349.41,2075.44,-571.25,-406.39,2085.06
37.4615,-354.79,-338.16,2074.83,-559.10,-416.22,2027.04
37.4782,-350.44,-327.69,2075.25,-542.34,-429.99,1965.00
37.4948,-346.61,-320.77,2078.80,-523.15,-444.62,1906.98
37.5115,-343.66,-320.51,2087.62,-504.02,-458.05,1860.07
37.5282,-341.85,-329.49,2103.54,-486.97,-469.45,1828.56
37.5449,-341.34,-348.94,2127.77,-472.98,-479.08,1813.18
37.5616,-342.24,-378.23,2160.98,-461.99,-487.70,1811.41
37.5782,-344.60,-414.88,2203.55,-453.35,-496.19,1818.62
37.5949,-348.47,-455.01,2255.70,-446.41,-505.22,1829.48
37.6116,-353.87,-494.19,2317.20,-441.01,-515.29,1839.18
37.6283,-360.65,-528.29,2386.52,-437.69,-526.63,1844.20
37.6450,-368.33,-554.20,2459.80,-437.43,-539.07,1842.72
37.6616,-375.96,-570.26,2530.20,-441.19,-551.87,1834.59
37.6783,-382.14,-576.35,2588.36,-449.31,-563.79,1821.17
37.6950,-385.34,-573.61,2624.30,-461.01,-573.43,1804.94
37.7117,-384.30,-564.12,2630.29,-474.34,-579.70,1788.96
37.7284,-378.46,-550.50,2603.80,-486.65,-582.22,1776.15
37.7450,-368.28,-535.65,2549.23,-495.43,-581.39,1768.59
37.7617,-355.18,-522.47,2477.61,-499.22,-578.26,1766.92
37.7784,-341.29,-513.50,2404.20,-498.18,-574.19,1770.17
37.7951,-328.83,-510.59,2344.80,-493.99,-570.53,1776.10
37.8118,-319.59,-514.42,2311.91,-489.15,-568.25,1781.97
37.8284,-314.45,-524.25,2311.78,-486.11,-567.82,1785.37
37.8451,-313.11,-537.98,2343.27,-486.37,-569.16,1784.98
37.8618,-314.23,-552.65,2398.77,-490.11,-571.74,1780.83
37.8785,-315.83,-565.26,2466.75,-496.22,-574.84,1774.15
37.8952,-315.86,-573.66,2535.01,-502.65,-577.73,1767.06
37.9118,-312.70,-577.22,2593.68,-506.81,-579.87,1762.13
37.9285,-305.56,-576.90,2637.13,-505.96,-580.91,1761.98
37.9452,-294.47,-574.89,2664.31,-497.68,-580.76,1768.90
37.9619,-280.10,-573.71,2677.94,-480.31,-579.49,1784.40
37.9785,-263.42,-575.39,2682.60,-453.49,-577.37,1808.74
37.9952,-245.36,-580.81,2682.62,-418.47,-574.76,1840.71
38.0119,-226.56,-589.49,2680.57,-378.07,-572.11,1877.59
38.0286,-207.38,-599.94,2676.82,-336.33,-569.78,1915.60
38.0453,-187.91,-610.14,2670.33,-297.67,-567.99,1950.63
38.0619,-168.21,-618.32,2660.02,-265.86,-566.67,1979.22
38.0786,-148.40,-623.33,2646.02,-243.09,-565.53,1999.48
38.0953,-128.70,-624.92,2630.14,-229.41,-564.11,2011.52
38.1120,-109.44,-623.69,2615.39,-222.86,-562.04,2017.34
38.1287,-90.92,-620.79,2604.90,-220.35,-559.31,2019.97
38.1453,-73.42,-617.63,2600.74,-218.74,-556.43,2022.40
38.1620,-57.11,-615.41,2603.32,-215.74,-554.29,2026.61
38.1787,-42.10,-614.80,2611.35,-210.20,-553.87,2033.32
38.1954,-28.46,-615.81,2622.44,-201.88,-555.79,2042.10
38.2121,-16.24,-617.84,2633.92,-191.05,-559.97,2051.88
38.2287,-5.46,-620.03,2643.71,-178.08,-565.54,2061.46
38.2454,3.91,-621.64,2651.05,-163.33,-570.95,2069.97
38.2621,11.95,-622.41,2656.81,-147.21,-574.35,2077.42
38.2788,18.81,-622.60,2663.27,-130.25,-574.01,2084.99
38.2955,24.70,-622.88,2673.09,-113.41,-568.86,2095.06
38.3121,29.85,-623.94,2687.87,-98.24,-558.80,2110.62
38.3288,34.48,-626.00,2706.69,-86.95,-544.66,2134.37
38.3455,38.76,-628.51,2725.66,-82.04,-528.08,2167.52
38.3622,42.77,-630.08,2738.88,-85.45,-511.07,2209.05
38.3788,46.49,-628.73,2740.46,-97.49,-495.60,2255.66
38.3955,49.78,-622.23,2726.82,-116.14,-483.15,2302.70
38.4122,52.40,-608.56,2698.05,-137.22,-474.15,2345.58
38.4289,54.04,-586.18,2657.78,-155.44,-467.80,2381.24
38.4456,54.40,-554.34,2611.77,-166.17,-462.24,2408.64
38.4622,53.29,-513.32,2565.96,-167.01,-455.42,2428.31
38.4789,50.74,-464.95,2524.80,-158.69,-446.28,2441.20
38.4956,47.16,-412.97,2490.35,-144.75,-435.61,2447.87
38.5123,43.36,-363.13,2462.23,-130.18,-426.18,2448.50
38.5290,40.39,-322.39,2438.28,-119.45,-421.81,2443.64
38.5456,39.32,-297.24,2415.54,-114.73,-425.78,2434.98
38.5623,40.88,-291.45,2391.14,-115.19,-439.41,2425.38
38.5790,45.14,-304.32,2363.11,-117.58,-461.40,2418.02
38.5957,51.49,-330.51,2330.69,-117.80,-488.17,2415.03
38.6124,58.73,-361.57,2294.42,-112.72,-515.03,2416.36
38.6290,65.53,-388.86,2255.98,-101.40,-537.45,2419.66
38.6457,70.78,-406.45,2217.80,-85.23,-552.32,2421.17
38.6624,73.89,-412.67,2182.54,-67.25,-558.52,2417.34
38.6791,74.89,-409.94,2152.46,-51.02,-556.82,2406.19
38.6958,74.32,-403.04,2128.90,-39.80,-549.15,2387.85
38.7124,72.96,-396.96,2111.83,-36.07,-537.52,2363.77
38.7291,71.57,-395.00,2099.90,-41.45,-522.94,2335.46
38.7458,70.67,-397.89,2090.72,-56.72,-505.11,2303.41
38.7625,70.41,-403.77,2081.53,-81.77,-482.72,2266.90
38.7791,70.53,-408.91,2069.91,-115.52,-454.57,2224.76
38.7958,70.46,-408.75,2054.36,-155.84,-420.65,2176.51
38.8125,69.45,-398.97,2034.58,-199.70,-382.89,2123.38
38.8292,66.82,-376.41,2011.39,-243.53,-345.18,2068.53
38.8459,62.15,-339.98,1986.28,-283.65,-312.75,2016.61
38.8625,55.45,-291.12,1960.85,-316.89,-290.84,1972.63
38.8792,47.19,-233.83,1936.29,-341.01,-283.34,1940.48
38.8959,38.23,-173.96,1913.04,-355.09,-291.39,1921.79
38.9126,29.50,-117.89,1890.85,-359.36,-312.72,1915.50
38.9293,21.84,-70.94,1869.06,-354.91,-342.00,1918.41
38.9459,15.74,-36.15,1846.99,-343.10,-372.22,1926.59
38.9626,11.29,-13.81,1824.30,-325.09,-396.83,1936.90
38.9793,8.22,-1.83,1801.17,-301.52,-411.73,1947.96
38.9960,6.09,3.20,1778.27,-272.52,-416.30,1960.01
39.0127,4.42,4.92,1756.60,-237.88,-413.25,1974.06
39.0293,2.81,6.27,1737.21,-197.61,-407.32,1990.69
39.0460,0.98,9.06,1720.95,-152.55,-403.45,2009.28
39.0627,-1.18,13.97,1708.29,-105.07,-405.18,2028.02
39.0794,-3.65,20.78,1699.18,-59.40,-413.68,2044.52
39.0961,-6.35,28.79,1693.13,-21.25,-427.76,2056.58
39.1127,-9.13,37.19,1689.33,3.31,-444.65,2062.92
39.1294,-11.89,45.33,1686.86,9.55,-461.25,2063.43
39.1461,-14.52,52.80,1684.92,-4.34,-475.26,2059.18
39.1628,-16.97,59.47,1683.03,-36.45,-485.71,2051.98
39.1794,-19.19,65.31,1681.07,-81.45,-492.91,2043.87
39.1961,-21.15,70.41,1679.20,-131.96,-497.72,2036.48
39.2128,-22.83,74.85,1677.74,-180.52,-500.61,2030.50
39.2295,-24.20,78.72,1677.02,-221.31,-500.91,2025.37
39.2462,-25.30,82.09,1677.20,-251.29,-496.51,2019.31
39.2628,-26.15,85.03,1678.24,-270.48,-484.21,2009.68
39.2795,-26.83,87.60,1679.92,-281.30,-460.78,1993.70
39.2962,-27.42,89.80,1681.88,-287.38,-424.19,1969.36
39.3129,-28.04,91.63,1683.72,-292.23,-374.91,1936.19
39.3296,-28.78,93.07,1685.07,-298.07,-316.43,1895.61
39.3462,-29.72,94.04,1685.64,-305.14,-254.91,1850.78
39.3629,-30.91,94.43,1685.26,-311.65,-197.78,1805.82
39.3796,-32.36,94.19,1683.90,-314.28,-151.81,1764.76
39.3963,-34.07,93.33,1681.77,-309.39,-121.17,1730.58
39.4130,-36.05,92.12,1679.30,-294.39,-106.39,1704.48
39.4296,-38.38,91.09,1677.15,-269.11,-104.56,1685.76
39.4463,-41.15,90.98,1676.05,-236.46,-110.73,1672.24
39.4630,-44.45,92.57,1676.57,-202.05,-120.02,1660.89
39.4797,-48.28,96.30,1678.74,-172.63,-129.43,1648.63
39.4964,-52.45,101.87,1681.78,-153.75,-138.64,1632.87
39.5130,-56.47,107.90,1683.95,-147.60,-149.67,1612.02
39.5297,-59.63,111.88,1682.63,-151.95,-165.52,1585.81
39.5464,-61.15,110.56,1674.97,-160.95,-188.35,1555.58
39.5631,-60.48,100.70,1658.58,-167.41,-217.82,1524.27
39.5798,-57.56,80.08,1632.44,-165.63,-250.26,1496.13
39.5964,-53.02,48.36,1597.39,-153.56,-279.03,1475.90
39.6131,-48.06,7.46,1555.93,-133.39,-296.28,1467.84
39.6298,-44.19,-38.69,1511.43,-110.53,-295.61,1474.54
39.6465,-42.76,-84.87,1466.96,-91.71,-274.48,1496.09
39.6631,-44.55,-125.65,1424.45,-82.95,-235.58,1529.85
39.6798,-49.67,-156.27,1384.44,-88.01,-186.30,1570.95
39.6965,-57.71,-173.37,1346.82,-107.63,-136.64,1613.44
39.7132,-68.05,-175.40,1311.90,-139.39,-96.25,1651.75
39.7299,-80.32,-162.71,1281.46,-178.16,-71.77,1681.87
39.7465,-94.54,-137.24,1259.02,-217.12,-65.24,1702.08
39.7632,-111.10,-102.03,1249.06,-249.26,-74.05,1712.95
39.7799,-130.47,-60.54,1255.52,-268.98,-92.12,1716.61
39.7966,-152.79,-16.12,1280.07,-273.52,-111.91,1715.68
39.8133,-177.55,28.26,1320.95,-263.66,-126.49,1712.06
39.8299,-203.52,70.18,1372.99,-243.46,-131.16,1706.17
39.8466,-228.89,107.78,1428.65,-219.07,-124.52,1696.86
39.8633,-251.70,139.83,1479.77,-197.03,-108.46,1682.03
39.8800,-270.31,165.92,1519.32,-182.52,-87.42,1659.65
39.8967,-283.80,186.50,1542.62,-178.23,-66.86,1628.77
39.9133,-292.07,202.85,1547.78,-183.95,-51.45,1590.08
39.9300,-295.75,216.68,1535.34,-197.06,-43.54,1545.80
39.9467,-295.89,229.65,1507.54,-213.43,-42.61,1499.11
39.9634,-293.58,242.83,1467.60,-228.74,-45.64,1453.24
39.9801,-289.73,256.51,1419.28,-239.65,-48.25,1410.81
39.9967,-285.07,270.28,1366.68,-244.73,-46.23,1373.46
40.0134,,,,-244.83,-36.71,1341.86
40.0301,,,,-242.69,-18.79,1316.07
40.0468,,,,-241.91,6.80,1295.87
40.0634,,,,-245.45,38.33,1280.88
40.0801,,,,-254.45,73.82,1270.49
40.0968,,,,-267.72,111.24,1263.78
40.1135,,,,-282.08,148.29,1259.63
40.1302,,,,-293.55,181.95,1257.14
40.1468,,,,-298.74,208.36,1256.22
40.1635,,,,-296.07,223.34,1257.93
40.1802,,,,-286.24,223.48,1264.40
40.1969,,,,-271.87,207.32,1278.32
40.2136,,,,-256.54,176.06,1301.96
40.2302,,,,-243.58,133.15,1336.34
40.2469,,,,-235.17,83.15,1380.77
40.2636,,,,-231.97,30.38,1433.18
40.2803,,,,-233.31,-22.23,1490.83
40.2970,,,,-237.65,-73.41,1551.26
40.3136,,,,-243.17,-123.25,1612.90
40.3303,,,,-248.14,-172.34,1675.19
40.3470,,,,-251.24,-220.93,1738.12
40.3637,,,,-251.70,-268.28,1801.42
40.3804,,,,-249.40,-312.55,1863.80
40.3970,,,,-244.98,-351.32,1922.60
40.4137,,,,-239.88,-382.36,1973.98
40.4304,,,,-236.06,-404.53,2013.88
40.4471,,,,-235.58,-418.21,2039.25
40.4637,,,,-239.89,-425.09,2049.22
40.4804,,,,-249.26,-427.44,2045.62
40.4971,,,,-262.66,-427.27,2032.45
40.5138,,,,-278.22,-425.86,2014.68
40.5305,,,,-294.17,-423.65,1996.60
40.5471,,,,-309.73,-420.51,1980.54
40.5638,,,,-325.60,-416.00,1966.49
40.5805,,,,-343.69,-409.62,1952.51
40.5972,,,,-366.14,-400.96,1936.06
40.6139,,,,-393.93,-389.91,1915.53
40.6305,,,,-425.70,-376.82,1891.49
40.6472,,,,-457.34,-362.59,1867.14
40.6639,,,,-482.80,-348.63,1847.54
40.6806,,,,-496.05,-336.50,1837.86
40.6973,,,,-493.48,-327.47,1841.30
40.7139,,,,-475.66,-322.09,1857.46
40.7306,,,,-447.77,-319.92,1882.02
40.7473,,,,-418.18,-319.58,1907.94
40.7640,,,,-395.85,-319.10,1927.67
40.7807,,,,-387.63,-316.38,1935.49
40.7973,,,,-396.44,-309.62,1928.98
40.8140,,,,-421.15,-297.64,1909.15
40.8307,,,,-457.78,-279.95,1879.41
40.8474,,,,-501.33,-256.79,1843.99
40.8640,,,,-547.54,-229.00,1806.44
40.8807,,,,-593.88,-197.92,1768.89
40.8974,,,,-639.56,-165.22,1731.94
40.9141,,,,,,
40.9308,,,,,,
40.9474,,,,,,
40.9641,,,,,,
40.9808,,,,,,
40.9975,,,,,,
41.0142,,,,,,
41.0308,,,,,,
41.0475,,,,,,
41.0642,,,,,,
41.0809,,,,,,
41.0976,,,,,,
41.1142,,,,,,
41.1309,,,,,,
41.1476,,,,,,
41.1643,,,,,,
41.1810,,,,,,
41.1976,,,,,,
41.2143,,,,,,
41.2310,,,,,,
41.2477,,,,,,
41.2643,,,,,,
41.2810,,,,,,
41.2977,,,,,,
41.3144,,,,,,
41.3311,,,,,,
41.3477,,,,,,
41.3644,,,,,,
41.3811,,,,,,
41.3978,,,,,,
41.4145,,,,,,
41.4311,,,,,,
41.4478,,,,,,
41.4645,,,,,,
41.4812,,,,,,
41.4979,,,,,,
41.5145,,,,,,
41.5312,,,,,,
41.5479,,,,,,
41.5646,,,,,,
41.5813,,,,,,
41.5979,,,,,,
41.6146,,,,,,
41.6313,,,,,,
41.6480,,,,,,
41.6647,,,,,,
41.6813,,,,,,
41.6980,,,,,,
41.7147,,,,,,
41.7314,,,,,,
41.7480,,,,,,
41.7647,,,,,,
41.7814,,,,,,
41.7981,,,,,,
41.8148,,,,,,
41.8314,,,,,,
41.8481,,,,,,
41.8648,,,,,,
41.8815,,,,,,
41.8982,,,,,,
41.9148,,,,,,
41.9315,,,,,,
41.9482,,,,,,
41.9649,,,,,,
41.9816,,,,,,
41.9982,,,,,,
42.0149,,,,,,
42.0316,,,,,,
42.0483,,,,,,
42.0650,,,,,,
42.0816,,,,,,
42.0983,,,,,,
42.1150,,,,,,
42.1317,,,,,,
42.1483,,,,,,
42.1650,,,,,,
42.1817,,,,,,
42.1984,,,,,,
42.2151,,,,,,
42.2317,,,,,,
42.2484,,,,,,
42.2651,,,,,,
42.2818,,,,,,
42.2985,,,,,,
42.3151,,,,,,
42.3318,,,,,,
42.3485,,,,,,
42.3652,,,,,,
42.3819,,,,,,
42.3985,,,,,,
42.4152,,,,,,
42.4319,,,,,,
42.4486,,,,,,
42.4653,,,,,,
42.4819,,,,,,
42.4986,,,,,,
42.5153,,,,,,
42.5320,,,,,,
42.5486,,,,,,
42.5653,,,,,,
42.5820,,,,,,
42.5987,,,,,,
42.6154,,,,,,
42.6320,,,,,,
42.6487,,,,,,
42.6654,,,,,,
42.6821,,,,,,
42.6988,,,,,,
42.7154,,,,,,
42.7321,,,,,,
42.7488,,,,,,
42.7655,,,,,,
42.7822,,,,,,
42.7988,,,,,,
42.8155,,,,,,
42.8322,,,,,,
42.8489,,,,,,
42.8656,,,,,,
42.8822,,,,,,
42.8989,,,,,,
42.9156,,,,,,
42.9323,,,,,,
42.9489,,,,,,
42.9656,,,,,,
42.9823,,,,,,
42.9990,,,,,,
43.0157,,,,,,
43.0323,,,,,,
43.0490,,,,,,
43.0657,,,,,,
43.0824,,,,,,
43.0991,,,,,,
43.1157,,,,,,
43.1324,,,,,,
43.1491,,,,,,
43.1658,,,,,,
43.1825,,,,,,
43.1991,,,,,,
43.2158,,,,,,
43.2325,,,,,,
43.2492,,,,,,
43.2659,,,,,,
43.2825,,,,,,
43.2992,,,,,,
43.3159,,,,,,
43.3326,,,,,,
43.3493,,,,,,
43.3659,,,,,,
43.3826,,,,,,
43.3993,,,,,,
43.4160,,,,,,
43.4326,,,,,,
43.4493,,,,,,
43.4660,,,,,,
43.4827,,,,,,
43.4994,,,,,,
43.5160,,,,,,
43.5327,,,,,,
43.5494,,,,,,
43.5661,,,,,,
43.5828,,,,,,
43.5994,,,,,,
43.6161,,,,,,
43.6328,,,,,,
43.6495,,,,,,
43.6662,,,,,,
43.6828,,,,,,
43.6995,,,,,,
43.7162,,,,,,
43.7329,,,,,,
43.7496,,,,,,
43.7662,,,,,,
43.7829,,,,,,
43.7996,,,,,,
43.8163,,,,,,
43.8329,,,,,,
43.8496,,,,,,
43.8663,,,,,,
43.8830,,,,,,
43.8997,,,,,,
43.9163,,,,,,
43.9330,,,,,,
43.9497,,,,,,
43.9664,,,,,,
43.9831,,,,,,
43.9997,,,,,,
44.0164,,,,,,
44.0331,,,,,,
44.0498,,,,,,
44.0665,,,,,,
44.0831,,,,,,
44.0998,,,,,,
44.1165,,,,,,
44.1332,,,,,,
44.1499,,,,,,
44.1665,,,,,,
44.1832,,,,,,
44.1999,,,,,,
44.2166,,,,,,
44.2332,,,,,,
44.2499,,,,,,
44.2666,,,,,,
44.2833,,,,,,
44.3000,,,,,,
44.3166,,,,,,
44.3333,,,,,,
44.3500,,,,,,
44.3667,,,,,,
44.3834,,,,,,
44.4000,,,,,,
44.4167,,,,,,
44.4334,,,,,,
44.4501,,,,,,
44.4668,,,,,,
44.4834,,,,,,
44.5001,,,,,,
44.5168,,,,,,
44.5335,,,,,,
44.5502,,,,,,
44.5668,,,,,,
44.5835,,,,,,
44.6002,,,,,,
44.6169,,,,,,
44.6335,,,,,,
44.6502,,,,,,
44.6669,,,,,,
44.6836,,,,,,
44.7003,,,,,,
44.7169,,,,,,
44.7336,,,,,,
44.7503,,,,,,
44.7670,,,,,,
44.7837,,,,,,
44.8003,,,,,,
44.8170,,,,,,
44.8337,,,,,,
44.8504,,,,,,
44.8671,,,,,,
44.8837,,,,,,
44.9004,,,,,,
44.9171,,,,,,
44.9338,,,,,,
44.9505,,,,,,
44.9671,,,,,,
44.9838,,,,,,
45.0005,,,,,,
45.0172,,,,,,
45.0338,,,,,,
45.0505,,,,,,
45.0672,,,,,,
45.0839,,,,,,
45.1006,,,,,,
45.1172,,,,,,
45.1339,,,,,,
45.1506,,,,,,
45.1673,,,,,,
45.1840,,,,,,
45.2006,,,,,,
45.2173,,,,,,
45.2340,,,,,,
45.2507,,,,,,
45.2674,,,,,,
45.2840,,,,,,
45.3007,,,,,,
45.3174,,,,,,
45.3341,,,,,,
45.3508,,,,,,
45.3674,,,,,,
45.3841,,,,,,
45.4008,,,,,,
45.4175,,,,,,
45.4342,,,,,,
45.4508,,,,,,
45.4675,,,,,,
45.4842,,,,,,
45.5009,,,,,,
45.5175,,,,,,
45.5342,,,,,,
45.5509,,,,,,
45.5676,,,,,,
45.5843,,,,,,
45.6009,,,,,,
45.6176,,,,,,
45.6343,,,,,,
45.6510,,,,,,
45.6677,,,,,,
45.6843,,,,,,
45.7010,,,,,,
45.7177,,,,,,
45.7344,,,,,,
45.7511,,,,,,
45.7677,,,,,,
45.7844,,,,,,
45.8011,,,,,,
45.8178,,,,,,
45.8345,,,,,,
45.8511,,,,,,
45.8678,,,,,,
45.8845,,,,,,
45.9012,,,,,,
45.9178,,,,,,
45.9345,,,,,,
45.9512,,,,,,
45.9679,,,,,,
45.9846,,,,,,
46.0012,,,,,,
